time_s,phase,robot_z_mm,truth_mm,raw_kalman,filt_kalman,vel_kalman,raw_learned,filt_learned,vel_learned
0.3032,1,475.051,618.35,620.3,620.30,0.0,617.7,617.69,0.0
0.3993,1,473.818,617.12,615.3,615.30,-52.0,612.6,612.65,-52.5
0.4328,1,472.793,616.09,618.3,616.73,-21.7,615.7,614.32,-1.1
0.4987,1,470.058,613.36,615.8,615.64,-19.0,613.1,613.31,-13.5
0.5624,1,466.175,609.48,618.3,616.95,-1.0,615.7,615.19,21.7
0.6277,1,462.244,605.54,610.3,612.78,-29.5,607.6,608.91,-76.5
0.6927,1,459.120,602.42,608.8,609.67,-37.8,606.1,605.76,-53.1
0.7580,1,455.165,598.46,602.3,604.26,-57.9,599.5,599.92,-83.4
0.8228,1,451.051,594.35,600.8,600.68,-56.7,598.0,597.49,-45.3
0.8917,1,447.051,590.35,594.3,595.26,-66.8,591.4,591.83,-76.8
0.9529,1,442.980,586.28,592.8,592.14,-60.3,589.9,589.48,-46.1
1.0192,1,438.876,582.18,583.8,585.52,-78.1,580.8,581.63,-106.8
1.0834,1,434.954,578.25,585.8,583.64,-56.7,582.9,581.65,-18.5
1.1487,1,430.809,574.11,578.3,578.99,-63.2,575.3,576.04,-74.7
1.2148,1,426.858,570.16,571.8,573.01,-75.2,568.7,569.06,-100.4
1.2788,1,423.744,567.04,567.8,567.96,-76.8,564.7,564.38,-77.9
1.3439,1,419.703,563.00,567.3,565.56,-59.3,564.2,563.48,-24.8
1.4108,1,415.693,558.99,564.3,563.21,-48.5,561.2,561.25,-31.9
1.4740,1,411.524,554.82,559.3,559.64,-51.9,556.1,556.59,-66.1
1.5395,1,407.533,550.83,557.3,556.88,-47.6,554.1,553.84,-46.1
1.6045,1,403.512,546.81,551.3,552.29,-57.7,548.1,548.46,-76.5
1.6697,1,399.464,542.76,547.3,547.78,-62.7,544.0,543.94,-70.5
1.7351,1,395.462,538.76,543.3,543.45,-64.3,540.0,539.89,-63.3
1.8000,1,391.288,534.59,537.8,538.38,-70.4,534.4,534.64,-77.9
1.8648,1,387.238,530.54,533.8,533.80,-70.5,530.4,530.29,-68.9
1.9309,1,383.335,526.63,530.8,530.16,-63.5,527.4,527.16,-51.0
1.9952,1,380.329,523.63,528.3,527.44,-54.1,524.9,524.73,-40.1
2.0607,1,376.096,519.40,518.3,520.45,-78.1,514.8,515.86,-119.6
2.1264,1,372.151,515.45,516.8,516.19,-71.9,513.3,512.53,-62.0
2.1908,1,368.115,511.42,515.3,513.82,-56.4,511.8,511.30,-26.6
2.2561,1,364.059,507.36,510.3,510.23,-55.7,506.7,507.16,-57.3
2.3211,1,359.993,503.29,506.3,506.42,-57.0,502.7,502.83,-65.0
2.3859,1,355.903,499.20,505.8,504.60,-44.1,502.2,501.69,-25.6
2.4525,1,351.935,495.24,497.8,499.29,-60.5,494.2,494.99,-88.7
2.5163,1,347.840,491.14,494.8,495.05,-63.1,491.2,490.88,-68.8
2.5816,1,343.831,487.13,488.8,489.63,-72.1,485.1,485.30,-82.6
2.6483,1,339.762,483.06,487.8,486.66,-59.4,484.1,483.51,-35.8
2.7121,1,336.744,480.04,484.3,483.74,-53.3,480.6,480.69,-42.6
2.7768,1,332.573,475.87,481.3,480.91,-49.0,477.6,477.63,-46.5
2.8435,1,328.592,471.89,476.3,476.81,-54.8,472.6,472.83,-67.9
2.9071,1,324.461,467.76,467.3,469.62,-81.0,463.5,464.27,-122.7
2.9727,1,320.524,463.82,465.8,465.18,-74.7,462.0,461.17,-59.6
3.0375,1,316.493,459.79,462.8,461.83,-64.4,459.0,458.75,-41.3
3.1027,1,312.403,455.70,460.3,459.26,-53.1,456.5,456.42,-36.6
3.1685,1,308.479,451.78,456.3,456.09,-50.9,452.5,452.69,-53.4
3.2331,1,305.441,448.74,453.3,453.11,-48.8,449.5,449.43,-51.0
3.2978,1,301.357,444.66,446.3,447.71,-64.5,442.4,442.98,-91.3
3.3649,1,297.346,440.65,443.3,443.33,-64.8,439.4,439.07,-63.4
3.4280,1,293.305,436.61,436.3,437.44,-77.5,432.4,432.81,-92.6
3.4936,1,289.133,432.43,438.8,436.33,-49.5,434.9,433.73,-3.6
3.5615,1,285.197,428.50,431.8,432.28,-54.4,427.9,428.66,-64.0
3.6238,1,281.062,424.36,430.3,429.73,-48.6,426.4,426.12,-45.1
3.6896,1,277.036,420.34,423.3,424.57,-62.0,419.4,419.92,-86.2
3.7543,1,273.095,416.39,420.8,420.70,-61.0,416.9,416.50,-58.7
3.8190,1,268.921,412.22,413.3,414.65,-75.5,409.4,409.85,-95.1
3.8850,1,264.914,408.21,412.3,411.27,-64.5,408.4,407.67,-43.1
3.9493,1,261.891,405.19,408.3,407.84,-59.5,404.4,404.44,-49.1
4.0147,1,257.804,401.10,402.8,403.24,-64.4,398.9,399.20,-75.0
4.0805,1,253.789,397.09,399.3,399.19,-63.1,395.4,395.19,-63.1
4.1449,1,249.597,392.90,395.8,395.54,-60.2,391.9,391.74,-55.2
4.2097,1,245.641,388.94,390.3,390.81,-66.0,386.4,386.62,-75.0
4.2784,1,241.723,385.02,387.8,387.24,-59.3,383.9,383.53,-49.3
4.3399,1,237.539,380.84,384.8,384.33,-54.0,380.9,380.80,-45.4
4.4058,1,233.495,376.80,380.8,380.79,-53.9,376.9,376.99,-55.7
4.4705,1,229.493,372.79,375.3,376.05,-62.9,371.4,371.66,-77.8
4.5358,1,225.417,368.72,372.8,372.48,-59.0,368.9,368.54,-52.9
4.6015,1,222.404,365.70,367.3,367.78,-64.9,363.4,363.62,-71.2
4.6661,1,218.392,361.69,365.3,364.67,-57.1,361.4,361.03,-45.4
4.7309,1,214.326,357.63,361.8,361.49,-53.3,357.9,357.92,-47.6
4.7974,1,210.272,353.57,358.8,358.49,-49.3,354.9,354.88,-46.0
4.8614,1,206.207,349.51,354.8,355.00,-51.8,350.9,351.06,-57.2
4.9266,1,202.168,345.47,347.3,348.86,-72.1,343.4,344.00,-99.7
4.9920,1,198.178,341.48,343.8,343.93,-73.8,339.9,339.59,-72.9
5.0568,1,193.968,337.27,339.3,339.25,-73.1,335.5,335.37,-66.4
5.1225,1,190.057,333.36,336.3,335.63,-64.4,332.5,332.26,-50.4
5.1872,1,186.983,330.28,330.3,330.72,-69.8,326.5,326.87,-77.7
5.2519,1,182.889,326.19,326.8,326.58,-67.0,323.0,322.85,-64.9
5.3179,1,178.893,322.19,327.3,325.47,-42.5,323.5,322.81,-11.0
5.3825,1,174.958,318.26,323.8,323.38,-37.6,320.0,320.34,-33.5
5.4477,1,170.808,314.11,316.3,318.02,-59.0,312.6,313.39,-94.3
5.5132,1,166.811,310.11,314.3,314.24,-58.3,310.6,310.10,-57.6
5.5779,1,162.655,305.96,310.3,310.36,-59.1,306.6,306.58,-54.9
5.6429,1,158.647,301.95,305.8,306.07,-62.4,302.1,302.27,-64.3
5.7084,1,154.682,297.98,301.8,301.87,-63.2,298.2,298.16,-63.1
5.7731,1,150.521,293.82,298.3,298.11,-60.8,294.7,294.61,-56.3
5.8393,1,146.566,289.87,293.8,293.90,-62.1,290.2,290.33,-63.3
5.9036,1,143.503,286.80,290.8,290.47,-57.9,287.3,287.11,-52.4
5.9688,1,139.475,282.77,288.3,287.72,-50.4,284.8,284.62,-40.6
6.0343,1,135.438,278.74,282.3,283.06,-60.5,278.8,279.28,-74.6
6.0992,1,131.403,274.70,281.3,280.52,-50.1,277.8,277.34,-37.5
6.1639,1,127.251,270.55,275.3,276.01,-59.6,271.9,272.34,-70.5
6.2299,1,123.218,266.52,272.8,272.54,-56.1,269.4,269.17,-51.7
6.2943,1,119.162,262.46,267.3,267.88,-64.0,264.0,264.25,-72.1
6.3596,1,115.220,258.52,264.8,264.41,-58.6,261.5,261.22,-50.8
6.4246,1,111.201,254.50,258.3,259.11,-70.0,255.1,255.49,-81.8
6.4899,1,107.066,250.37,255.8,255.36,-63.7,252.6,252.24,-55.1
6.5572,1,102.979,246.28,254.3,253.21,-47.4,251.1,250.76,-27.2
6.6203,1,99.981,243.28,248.3,248.99,-56.9,245.2,245.77,-69.4
6.6851,1,95.918,239.22,245.3,245.30,-56.9,242.2,242.08,-59.1
6.7513,1,91.972,235.27,240.3,240.72,-63.2,237.3,237.41,-68.8
6.8154,1,87.846,231.15,236.3,236.43,-65.0,233.3,233.29,-65.1
6.8807,1,83.820,227.12,233.3,232.92,-59.3,230.4,230.18,-50.5
6.9473,1,79.747,223.05,226.8,227.52,-70.5,224.0,224.37,-81.4
7.0110,1,75.605,218.91,225.3,224.52,-58.8,222.5,221.99,-45.2
7.0771,1,71.719,215.02,220.3,220.41,-60.6,217.6,217.77,-60.9
7.1413,1,68.721,212.02,216.8,216.71,-59.1,214.1,214.08,-58.1
7.2062,1,64.527,207.83,211.8,212.16,-64.8,209.2,209.36,-70.3
7.2718,1,60.431,203.73,208.8,208.51,-60.0,206.2,206.02,-54.0
7.3365,1,56.485,199.79,205.8,205.41,-53.7,203.3,203.18,-45.7
7.4019,1,52.433,195.73,202.3,202.17,-51.6,199.8,199.90,-49.5
7.4671,1,48.476,191.78,198.3,198.46,-54.3,195.9,196.03,-57.7
7.5323,1,44.321,187.62,192.3,193.15,-68.6,190.0,190.35,-82.1
7.5971,1,40.278,183.58,188.3,188.43,-70.9,186.1,185.94,-70.5
7.6659,1,36.270,179.57,185.3,184.76,-61.2,183.1,182.87,-48.3
7.7272,1,32.181,175.48,179.3,179.87,-70.5,177.3,177.68,-77.4
7.7936,1,28.246,171.55,175.8,175.61,-67.1,173.8,173.65,-63.4
7.8576,1,25.149,168.45,172.8,172.32,-58.8,170.9,170.69,-49.2
7.9227,1,20.992,164.29,167.8,168.02,-62.7,166.0,166.21,-65.6
7.9897,1,17.042,160.34,163.8,163.81,-62.8,162.1,162.04,-62.8
8.0531,1,13.079,156.38,160.8,160.49,-57.3,159.1,158.97,-51.0
8.1180,1,8.878,152.18,156.3,156.45,-60.0,154.7,154.87,-61.1
8.1837,1,4.883,148.18,151.3,151.67,-67.0,149.8,149.99,-72.1
8.2482,1,0.820,144.12,146.3,146.63,-73.1,145.0,145.01,-76.3
8.3135,1,-3.135,140.17,144.3,143.55,-58.8,143.0,142.57,-43.9
8.3798,1,-7.253,136.05,139.3,139.41,-60.8,138.1,138.34,-60.6
8.4437,1,-11.389,131.91,135.3,135.37,-62.1,134.2,134.25,-63.4
8.5097,1,-15.252,128.05,131.3,131.29,-61.9,130.3,130.28,-60.7
8.5739,1,-18.295,125.01,128.8,128.34,-53.1,127.9,127.65,-44.4
8.6388,1,-22.562,120.74,123.3,123.79,-62.7,122.5,122.85,-69.0
8.7044,1,-26.526,116.77,118.8,119.06,-67.9,118.1,118.16,-71.0
8.7689,1,-30.364,112.94,114.8,114.76,-67.2,114.2,114.14,-63.8
8.8346,1,-34.575,108.73,110.8,110.67,-64.5,110.3,110.29,-59.5
8.9001,1,-38.631,104.67,106.8,106.70,-62.3,106.5,106.45,-58.8
8.9646,1,-42.709,100.59,102.8,102.76,-61.5,102.6,102.58,-59.7
9.0296,1,-46.679,96.62,98.3,98.44,-64.4,98.2,98.27,-65.2
9.0951,1,-50.723,92.58,94.8,94.63,-60.8,94.8,94.68,-56.5
9.1597,1,-53.869,89.43,89.3,89.71,-69.6,89.5,89.69,-73.7
9.2262,1,-57.788,85.51,85.3,85.24,-68.2,85.6,85.47,-65.1
9.2900,1,-61.849,81.45,81.3,81.18,-65.6,81.7,81.64,-60.9
9.3554,1,-66.008,77.29,77.3,77.18,-63.0,77.8,77.80,-59.1
9.4204,1,-69.930,73.37,72.3,72.52,-68.0,73.0,73.13,-69.7
9.4857,1,-74.062,69.24,69.3,68.96,-60.2,70.1,69.86,-53.3
9.5506,1,-78.224,65.08,65.3,65.23,-58.6,66.2,66.24,-55.4
9.6167,1,-82.092,61.21,62.3,62.04,-52.4,63.3,63.21,-47.4
9.6807,1,-86.092,57.21,58.3,58.41,-54.9,59.4,59.56,-55.3
9.7464,1,-90.247,53.05,54.3,54.44,-58.2,55.6,55.63,-59.0
9.8110,1,-93.269,50.03,49.3,49.68,-67.4,50.8,50.92,-70.6
9.8763,1,-97.251,46.05,45.8,45.66,-63.9,47.4,47.23,-58.9
9.9416,1,-101.301,42.00,42.3,42.08,-58.4,44.0,43.92,-52.0
10.0066,1,-105.413,37.89,37.8,37.93,-61.7,39.7,39.80,-61.4
10.0716,1,-109.380,33.92,32.8,33.10,-69.3,34.9,35.00,-71.8
10.1371,1,-113.447,29.85,29.8,29.47,-60.9,32.0,31.73,-53.5
10.2018,1,-117.700,25.60,25.8,25.73,-59.0,28.1,28.14,-55.1
10.2675,1,-121.585,21.72,22.8,22.55,-52.5,25.2,25.14,-47.3
10.3356,1,-125.480,17.82,19.3,19.22,-50.2,21.9,21.88,-47.8
10.3978,1,-128.450,14.85,15.3,15.52,-55.7,18.0,18.17,-57.3
10.4629,1,-129.863,13.44,12.8,12.56,-49.3,15.6,15.46,-44.3
10.5282,1,-130.721,12.58,9.3,9.31,-49.6,12.3,12.32,-47.5
10.5929,2,-130.749,12.55,9.8,8.84,-23.4,12.8,12.24,-9.2
10.6585,2,-130.768,12.53,9.8,9.06,-6.6,12.8,12.60,3.0
10.7232,2,-130.747,12.55,10.3,9.82,4.4,13.2,13.17,7.9
10.7887,2,-130.749,12.55,8.8,9.16,-4.3,11.8,12.07,-12.7
10.8536,2,-130.772,12.53,9.3,9.19,-1.5,12.3,12.13,-1.5
10.9189,2,-130.769,12.53,9.3,9.24,-0.1,12.3,12.24,1.2
10.9839,2,-130.790,12.51,9.3,9.28,0.3,12.3,12.28,0.7
11.0509,2,-130.802,12.50,9.8,9.67,3.7,12.8,12.70,5.3
11.1140,2,-130.816,12.48,9.3,9.47,-0.4,12.3,12.39,-3.0
11.1797,2,-130.810,12.49,9.3,9.34,-1.4,12.3,12.27,-2.1
11.2443,2,-130.797,12.50,9.3,9.29,-1.0,12.3,12.26,-0.5
11.3097,2,-130.793,12.51,9.3,9.28,-0.5,12.3,12.27,0.1
11.3747,2,-130.802,12.50,9.3,9.29,-0.1,12.3,12.28,0.1
11.4400,2,-130.779,12.52,9.8,9.66,3.5,12.8,12.69,5.3
11.5049,2,-130.778,12.52,9.8,9.82,2.9,12.8,12.80,2.3
11.5707,2,-130.806,12.49,10.3,10.23,4.9,13.2,13.19,5.4
11.6352,2,-130.791,12.51,9.8,9.99,-0.4,12.8,12.87,-3.2
11.7006,2,-130.811,12.49,9.8,9.84,-1.6,12.8,12.74,-2.2
11.7655,2,-130.806,12.49,9.3,9.41,-4.7,12.3,12.32,-5.7
11.8306,2,-130.806,12.49,10.3,10.00,3.9,13.2,13.05,8.3
11.8975,2,-130.800,12.50,10.8,10.67,7.8,13.7,13.70,9.5
11.9611,2,-130.786,12.51,10.3,10.52,1.6,13.2,13.40,-2.2
12.0258,2,-130.805,12.50,10.3,10.38,-0.8,13.2,13.24,-2.4
12.0920,2,-130.796,12.50,11.3,11.06,6.3,14.2,14.04,9.7
12.1563,2,-130.789,12.51,10.3,10.59,-2.3,13.2,13.45,-5.9
12.2216,2,-130.789,12.51,9.8,9.96,-7.1,12.8,12.80,-9.2
12.2891,2,-130.769,12.53,9.8,9.72,-4.7,12.8,12.68,-3.0
12.3518,2,-130.789,12.51,10.3,10.08,1.8,13.2,13.12,5.2
12.4168,2,-130.815,12.49,10.3,10.27,2.6,13.2,13.27,2.8
12.4821,2,-130.805,12.50,8.8,9.20,-9.8,11.8,12.04,-15.2
12.5470,2,-130.800,12.50,9.8,9.50,-0.4,12.8,12.51,3.4
12.6138,2,-130.812,12.49,9.3,9.34,-1.7,12.3,12.34,-1.5
12.6773,2,-130.802,12.50,9.8,9.66,2.6,12.8,12.68,4.1
12.7429,2,-130.789,12.51,9.3,9.43,-1.5,12.3,12.37,-3.2
12.8078,2,-130.801,12.50,10.3,10.07,6.0,13.2,13.08,8.5
12.8729,2,-130.797,12.50,9.8,9.96,0.9,12.8,12.88,-1.1
12.9379,2,-130.798,12.50,9.8,9.85,-0.8,12.8,12.77,-1.7
13.0045,2,-130.813,12.49,10.3,10.19,3.1,13.2,13.15,4.6
13.0682,2,-130.782,12.52,8.8,9.18,-9.3,11.8,12.05,-13.4
13.1342,2,-130.780,12.52,9.3,9.13,-3.5,12.3,12.12,-1.3
13.1984,2,-130.812,12.49,9.8,9.59,3.6,12.8,12.65,6.6
13.2638,2,-130.807,12.49,9.3,9.42,-0.6,12.3,12.39,-2.2
13.3291,2,-130.789,12.51,9.3,9.32,-1.3,12.3,12.27,-1.9
13.3943,2,-130.789,12.51,10.3,10.06,7.3,13.2,13.08,9.9
13.4591,2,-130.793,12.51,9.3,9.58,-2.6,12.3,12.49,-5.8
13.5252,2,-130.804,12.50,9.3,9.32,-3.5,12.3,12.25,-3.9
13.5892,2,-130.813,12.49,10.3,10.03,6.3,13.2,13.05,9.6
13.6549,2,-130.801,12.50,9.3,9.55,-3.0,12.3,12.48,-5.7
13.7196,2,-130.807,12.49,9.8,9.70,0.6,12.8,12.66,1.3
13.7849,2,-130.787,12.51,8.8,9.01,-7.1,11.8,11.94,-9.0
13.8499,2,-130.794,12.51,9.8,9.52,3.2,12.8,12.55,6.3
13.9152,2,-130.794,12.51,9.3,9.39,-0.4,12.3,12.38,-1.2
13.9803,2,-130.787,12.51,9.3,9.32,-1.0,12.3,12.28,-1.4
14.0466,2,-130.808,12.49,9.3,9.29,-0.6,12.3,12.26,-0.4
14.1103,2,-130.820,12.48,10.3,10.07,8.2,13.2,13.09,10.5
14.1757,2,-130.795,12.51,9.8,9.97,1.4,12.8,12.90,-0.6
14.2431,2,-130.786,12.51,9.3,9.46,-5.0,12.3,12.36,-6.9
14.3060,2,-130.808,12.49,9.8,9.65,0.5,12.8,12.63,2.2
14.3712,2,-130.795,12.51,9.3,9.38,-2.8,12.3,12.35,-3.2
14.4364,2,-130.778,12.52,9.3,9.28,-1.9,12.3,12.26,-1.7
14.5012,2,-130.777,12.52,9.3,9.27,-0.7,12.3,12.26,-0.3
14.5677,2,-130.804,12.50,10.3,10.08,8.5,13.2,13.10,10.5
14.6315,2,-130.767,12.53,10.3,10.37,5.7,13.2,13.32,4.7
14.6970,2,-130.789,12.51,9.3,9.60,-6.8,12.3,12.47,-10.0
14.7622,2,-130.781,12.52,9.8,9.67,-1.2,12.8,12.62,0.2
14.8272,2,-130.789,12.51,9.8,9.76,0.6,12.8,12.74,1.5
14.8922,2,-130.785,12.51,9.3,9.40,-3.7,12.3,12.36,-4.6
14.9604,2,-130.799,12.50,9.3,9.27,-2.4,12.3,12.25,-2.1
15.0224,2,-130.814,12.49,10.3,10.05,7.9,13.2,13.06,10.2
15.0881,2,-130.787,12.51,8.8,9.15,-7.7,11.8,12.08,-10.9
15.1526,2,-130.781,12.52,9.8,9.56,2.3,12.8,12.55,4.2
15.2180,2,-130.787,12.51,9.8,9.78,3.1,12.8,12.77,3.4
15.2830,2,-130.768,12.53,10.3,10.24,5.9,13.2,13.20,6.1
15.3481,2,-130.809,12.49,9.8,9.96,-1.4,12.8,12.88,-3.1
15.4134,2,-130.804,12.50,10.3,10.22,2.4,13.2,13.16,3.0
15.4790,2,-130.778,12.52,9.3,9.51,-7.1,12.3,12.43,-8.7
15.5434,2,-130.788,12.51,10.8,10.45,8.4,13.7,13.44,11.4
15.6088,2,-130.779,12.52,9.8,10.04,-2.2,12.8,12.96,-4.2
15.6752,2,-130.803,12.50,9.3,9.42,-7.5,12.3,12.34,-8.6
15.7391,2,-130.800,12.50,8.8,8.83,-8.7,11.8,11.80,-8.5
15.8044,2,-130.791,12.51,8.8,8.69,-3.9,11.8,11.72,-2.4
15.8695,2,-130.795,12.51,9.3,9.13,3.8,12.3,12.17,5.4
15.9343,2,-130.787,12.51,9.8,9.72,7.6,12.8,12.72,8.0
16.0000,2,-130.801,12.50,9.8,9.88,3.9,12.8,12.83,2.6
16.0646,2,-130.784,12.52,9.3,9.46,-3.6,12.3,12.38,-5.2
16.1298,2,-130.802,12.50,10.3,10.09,6.1,13.2,13.06,7.8
16.1955,2,-130.778,12.52,9.3,9.53,-4.7,12.3,12.46,-6.3
16.2602,2,-130.802,12.50,9.8,9.69,0.5,12.8,12.65,1.3
16.3252,2,-130.785,12.51,9.8,9.79,1.2,12.8,12.75,1.5
16.3905,2,-130.809,12.49,9.8,9.81,0.6,12.8,12.77,0.5
16.4554,2,-130.791,12.51,9.3,9.41,-4.4,12.3,12.35,-5.2
16.5210,2,-130.784,12.52,9.8,9.67,1.9,12.8,12.65,2.9
16.5856,2,-130.775,12.53,10.3,10.20,6.6,13.2,13.18,7.3
16.6510,2,-130.793,12.51,9.3,9.55,-5.8,12.3,12.48,-7.7
16.7174,2,-130.795,12.51,10.3,10.09,4.7,13.2,13.06,6.1
16.7814,2,-130.800,12.50,9.8,9.91,-0.8,12.8,12.86,-1.4
16.8462,2,-130.782,12.52,10.3,10.22,3.3,13.2,13.17,3.7
16.9139,2,-130.782,12.52,9.8,9.91,-2.7,12.8,12.85,-3.4
16.9765,2,-130.786,12.51,9.3,9.39,-6.9,12.3,12.33,-7.3
17.0429,2,-130.803,12.50,10.3,10.05,6.0,13.2,13.04,7.8
17.1067,2,-130.803,12.50,9.3,9.51,-4.7,12.3,12.47,-6.0
17.1722,2,-130.779,12.52,10.3,10.10,5.6,13.2,13.07,6.7
17.2384,2,-130.792,12.51,9.8,9.92,-0.7,12.8,12.86,-1.5
17.3025,2,-130.790,12.51,9.8,9.81,-1.4,12.8,12.76,-1.6
17.3675,2,-130.792,12.51,8.8,8.97,-10.2,11.8,11.92,-11.0
17.4330,2,-130.789,12.51,9.8,9.53,4.1,12.8,12.53,5.9
17.4976,2,-130.792,12.51,8.8,8.98,-5.4,11.8,11.96,-6.3
17.5631,2,-130.807,12.49,10.3,10.00,10.5,13.2,12.99,12.1
17.6285,2,-130.783,12.52,9.8,9.96,2.1,12.8,12.91,0.9
17.6932,2,-130.794,12.51,9.8,9.86,-0.7,12.8,12.79,-1.4
17.7584,2,-130.792,12.51,10.3,10.21,3.9,13.2,13.16,4.5
17.8235,2,-130.788,12.51,8.8,9.10,-11.9,11.8,12.04,-13.5
17.8886,2,-130.801,12.50,9.3,9.12,-2.7,12.3,12.11,-1.3
17.9541,2,-130.802,12.50,10.8,10.46,14.8,13.7,13.47,17.1
18.0187,2,-130.791,12.51,9.8,10.12,-0.3,12.8,13.02,-2.8
18.0842,2,-130.785,12.51,9.3,9.45,-7.7,12.3,12.36,-8.9
18.1493,2,-130.786,12.51,9.8,9.64,0.2,12.8,12.61,1.7
18.2144,2,-130.787,12.51,10.3,10.18,6.2,13.2,13.16,7.3
18.2796,2,-130.802,12.50,9.3,9.54,-5.7,12.3,12.48,-7.5
18.3446,2,-130.796,12.50,9.8,9.68,0.2,12.8,12.64,0.9
18.4094,2,-130.800,12.50,10.3,10.19,5.8,13.2,13.16,6.7
18.4760,2,-130.805,12.50,10.8,10.76,7.9,13.7,13.70,7.9
18.5397,2,-130.770,12.53,9.3,9.67,-10.5,12.3,12.57,-13.2
18.6054,2,-130.788,12.51,9.3,9.24,-7.6,12.3,12.19,-6.9
18.6706,2,-130.788,12.51,9.3,9.19,-2.5,12.3,12.20,-1.1
18.7355,2,-130.786,12.51,9.8,9.65,4.6,12.8,12.66,5.8
18.8006,2,-130.783,12.52,9.8,9.83,3.2,12.8,12.80,2.7
18.8665,2,-130.811,12.49,8.8,9.03,-8.3,11.8,11.97,-10.1
18.9306,2,-130.795,12.51,9.3,9.15,-0.8,12.3,12.13,0.4
18.9960,2,-130.802,12.50,10.3,10.07,10.4,13.2,13.08,12.1
19.0609,2,-130.798,12.50,8.8,9.17,-7.8,11.8,12.10,-10.4
19.1262,2,-130.792,12.51,9.8,9.57,2.7,12.8,12.56,4.1
19.1916,2,-130.804,12.50,9.8,9.79,3.2,12.8,12.77,3.3
19.2565,2,-130.789,12.51,9.8,9.84,1.4,12.8,12.79,0.8
19.3215,2,-130.782,12.52,10.3,10.23,4.8,13.2,13.18,5.1
19.3868,2,-130.797,12.50,9.8,9.94,-2.0,12.8,12.87,-3.1
19.4519,2,-130.793,12.51,10.3,10.21,2.5,13.2,13.15,3.1
19.5171,2,-130.781,12.52,9.3,9.50,-7.4,12.3,12.43,-8.6
19.5819,2,-130.789,12.51,8.8,8.84,-9.5,11.8,11.81,-9.5
19.6474,2,-130.789,12.51,10.3,9.91,9.9,13.2,12.94,12.8
19.7124,2,-130.802,12.50,9.3,9.55,-1.6,12.3,12.50,-3.5
19.7776,2,-130.789,12.51,10.8,10.54,10.7,13.7,13.50,12.3
19.8425,2,-130.797,12.50,9.3,9.67,-6.9,12.3,12.57,-9.8
19.9079,2,-130.787,12.51,9.8,9.68,-1.7,12.8,12.64,-0.8
19.9728,2,-130.803,12.50,9.8,9.75,0.3,12.8,12.73,1.1
20.0381,2,-130.782,12.52,9.3,9.39,-4.0,12.3,12.35,-4.6
20.1033,2,-130.804,12.50,9.8,9.67,2.0,12.8,12.65,3.1
20.1687,2,-130.803,12.50,9.8,9.80,2.0,12.8,12.77,2.0
20.2334,2,-130.791,12.51,9.8,9.83,0.8,12.8,12.78,0.4
20.3003,2,-130.796,12.50,9.8,9.82,0.1,12.8,12.76,-0.1
20.3636,2,-130.812,12.49,9.8,9.80,-0.1,12.8,12.76,-0.1
20.4294,2,-130.789,12.51,9.8,9.80,-0.1,12.8,12.76,-0.0
20.4938,2,-130.799,12.50,9.3,9.40,-4.6,12.3,12.35,-5.2
20.5592,3,-130.779,12.52,8.3,8.45,-11.9,11.3,11.42,-12.7
20.6253,3,-130.432,12.87,8.8,8.59,-1.4,11.8,11.62,0.5
20.6894,3,-129.925,13.38,9.3,9.15,6.0,12.3,12.18,7.3
20.7545,3,-128.924,14.38,11.3,10.97,22.4,14.2,13.97,24.1
20.8206,3,-127.777,15.52,13.3,13.14,30.2,16.1,16.04,30.1
20.8848,3,-127.186,16.11,14.3,14.45,23.1,17.1,17.21,20.3
20.9501,3,-126.651,16.65,16.3,16.24,26.2,19.0,18.93,25.3
21.0149,3,-126.492,16.81,16.8,17.02,15.7,19.5,19.64,13.4
21.0804,3,-125.641,17.66,16.8,17.03,4.2,19.5,19.63,2.1
21.1457,3,-123.001,20.30,18.3,18.11,13.4,20.9,20.75,14.7
21.2104,3,-118.675,24.63,21.3,20.86,35.0,23.8,23.49,37.6
21.2752,3,-112.548,30.75,25.8,25.24,59.2,28.1,27.80,61.6
21.3408,3,-104.842,38.46,32.3,31.57,86.6,34.4,34.01,89.2
21.4055,3,-97.094,46.21,40.3,39.49,111.6,42.1,41.74,114.3
21.4709,3,-89.107,54.19,48.3,47.90,122.9,49.8,49.71,120.6
21.5364,3,-81.339,61.96,57.3,56.97,133.0,58.5,58.36,130.1
21.6014,3,-75.299,68.00,64.3,64.62,123.2,65.2,65.48,113.0
21.6665,3,-67.348,75.95,71.8,72.00,116.8,72.5,72.55,109.4
21.7316,3,-59.540,83.76,78.8,78.99,110.7,79.3,79.34,105.2
21.7966,3,-51.745,91.56,86.8,86.65,115.3,87.0,86.91,114.6
21.8622,3,-43.680,99.62,95.8,95.43,127.4,95.8,95.57,129.1
21.9268,3,-35.862,107.44,103.8,103.76,128.6,103.5,103.59,125.1
21.9925,3,-27.889,115.41,112.3,112.28,129.2,111.8,111.81,125.0
22.0576,3,-20.102,123.20,119.3,119.63,118.4,118.6,118.81,110.6
22.1226,3,-12.238,131.06,128.3,128.07,126.0,127.4,127.18,125.7
22.1877,3,-4.921,138.38,135.8,135.91,122.3,134.7,134.80,118.4
22.2529,3,-0.600,142.70,141.8,142.28,105.9,140.6,140.85,97.1
22.3178,3,3.459,146.76,145.3,146.22,75.8,144.0,144.44,62.5
22.3842,3,5.948,149.25,149.8,150.21,65.2,148.4,148.41,60.2
22.4480,3,6.503,149.80,151.8,152.48,46.8,150.3,150.62,39.2
22.5136,3,5.376,148.68,150.3,151.71,9.8,148.9,149.49,-7.9
22.5788,3,2.960,146.26,148.8,150.01,-12.4,147.4,147.63,-25.0
22.6437,3,-1.273,142.03,145.8,146.90,-33.0,144.5,144.69,-41.8
22.7086,3,-7.251,136.05,140.3,141.75,-58.9,139.1,139.52,-73.2
22.7767,3,-14.477,128.82,133.3,134.79,-83.6,132.3,132.57,-97.7
22.8388,3,-19.911,123.39,125.3,126.88,-106.1,124.5,124.78,-120.3
22.9055,3,-29.189,114.11,118.3,118.84,-113.8,117.6,117.52,-110.6
22.9688,3,-34.560,108.74,110.3,110.76,-120.6,109.9,109.96,-117.8
23.0341,3,-41.885,101.42,102.8,102.83,-121.1,102.6,102.52,-114.6
23.1007,3,-49.168,94.13,96.3,95.79,-113.1,96.3,96.06,-99.8
23.1645,3,-56.529,86.77,87.8,88.06,-117.1,88.0,88.26,-118.3
23.2297,3,-63.882,79.42,81.3,81.01,-112.5,81.7,81.53,-105.7
23.2948,3,-71.268,72.03,73.3,73.42,-114.5,74.0,74.05,-113.3
23.3597,3,-77.661,65.64,66.3,66.20,-112.9,67.2,67.11,-108.1
23.4248,3,-82.789,60.51,62.3,61.16,-94.4,63.3,62.84,-72.8
23.4921,3,-85.851,57.45,57.8,56.80,-78.5,59.0,58.82,-61.7
23.5552,3,-87.338,55.96,54.8,53.78,-63.1,56.1,55.89,-49.2
23.6219,3,-87.769,55.53,53.3,52.04,-43.4,54.6,54.34,-27.4
23.6853,3,-86.523,56.78,53.3,51.87,-23.0,54.6,54.31,-5.3
23.7504,3,-83.708,59.59,55.8,53.84,4.2,57.0,56.59,28.1
23.8165,3,-78.913,64.39,59.3,57.31,28.9,60.4,60.13,49.5
23.8807,3,-72.673,70.63,64.3,62.26,52.1,65.2,64.96,70.7
23.9465,3,-65.121,78.18,71.8,69.37,78.9,72.5,72.09,102.2
24.0128,3,-57.619,85.68,78.8,77.06,96.4,79.3,79.22,106.7
24.0766,3,-50.174,93.13,85.3,84.44,105.0,85.6,85.65,101.8
24.1417,3,-42.514,100.79,93.3,92.50,113.3,93.3,93.18,113.4
24.2068,3,-36.839,106.46,101.8,101.05,121.3,101.6,101.45,124.6
24.2719,3,-29.354,113.95,110.8,110.07,129.2,110.3,110.23,133.3
24.3377,3,-21.607,121.69,117.8,118.10,125.9,117.2,117.42,113.3
24.4020,3,-14.145,129.16,126.3,126.26,126.3,125.4,125.33,121.2
24.4675,3,-6.729,136.57,133.3,133.77,121.0,132.3,132.41,110.3
24.5339,3,1.037,144.34,142.3,142.11,123.2,141.0,140.86,124.6
24.5977,3,8.462,151.76,147.8,148.64,113.7,146.4,146.78,98.4
24.6626,3,16.210,159.51,157.3,156.81,119.4,155.7,155.34,126.2
24.7284,3,23.599,166.90,164.8,164.75,120.0,163.1,163.14,119.7
24.7927,3,31.184,174.48,170.3,171.12,110.3,168.4,168.79,93.6
24.8593,3,38.058,181.36,175.8,176.78,98.3,173.8,174.00,80.6
24.9231,3,42.079,185.38,179.8,181.02,83.7,177.8,177.96,65.4
24.9884,3,45.893,189.19,184.3,185.12,73.8,182.2,182.18,64.7
25.0543,3,48.218,191.52,186.3,187.66,57.0,184.1,184.46,39.6
25.1187,3,48.662,191.96,186.8,188.53,36.7,184.6,184.97,13.5
25.1835,3,47.280,190.58,185.8,187.80,14.2,183.6,183.96,-10.6
25.2499,3,44.620,187.92,184.8,186.37,-2.7,182.7,182.74,-17.2
25.3138,3,40.245,183.55,181.3,183.26,-23.4,179.2,179.59,-43.7
25.3796,3,33.995,177.30,176.3,178.50,-45.8,174.3,174.66,-69.7
25.4442,3,26.714,170.01,168.3,171.34,-74.7,166.5,167.02,-109.9
25.5095,3,21.083,164.38,161.3,163.59,-94.1,159.6,159.66,-112.3
25.5751,3,13.410,156.71,153.3,155.09,-109.4,151.8,151.87,-117.6
25.6397,3,5.954,149.25,146.8,147.32,-113.9,145.4,145.27,-104.8
25.7047,3,-1.348,141.95,137.8,138.69,-121.8,136.7,136.92,-124.5
25.7703,3,-8.920,134.38,131.3,131.05,-119.5,130.3,130.09,-107.5
25.8349,3,-16.443,126.86,124.8,124.19,-114.0,124.0,123.85,-98.4
25.9001,3,-23.948,119.35,116.8,116.78,-113.8,116.2,116.37,-112.1
25.9689,3,-31.472,111.83,109.8,109.46,-110.5,109.4,109.28,-104.3
26.0304,3,-38.285,105.02,101.8,102.16,-113.8,101.6,101.80,-118.3
26.0956,3,-43.324,99.98,96.8,95.96,-105.8,96.7,96.35,-89.4
26.1607,3,-46.144,97.16,93.8,91.88,-87.2,93.8,93.34,-53.5
26.2256,3,-48.445,94.86,91.3,89.18,-67.6,91.4,91.18,-36.9
26.2922,3,-48.971,94.33,90.3,87.94,-46.1,90.4,90.19,-18.3
26.3557,3,-47.762,95.54,90.8,88.27,-24.8,90.9,90.63,2.4
26.4212,3,-45.069,98.23,91.8,89.53,-6.1,91.9,91.73,14.4
26.4863,3,-40.620,102.68,97.8,93.99,24.8,97.7,96.97,69.4
26.5516,3,-34.447,108.85,102.3,99.12,46.9,102.1,102.00,75.7
26.6165,3,-26.834,116.47,110.3,106.46,73.2,109.9,109.43,107.9
26.6827,3,-19.372,123.93,120.8,116.22,102.6,120.1,119.58,146.1
26.7469,3,-11.864,131.44,127.3,125.03,115.6,126.4,126.79,118.2
26.8127,3,-6.273,137.03,134.8,133.75,121.9,133.7,133.85,109.1
26.8772,3,1.558,144.86,142.3,141.98,123.9,141.0,141.02,110.8
26.9425,3,8.920,152.22,149.8,149.93,123.1,148.4,148.36,112.1
27.0075,3,16.715,160.02,157.3,157.60,121.2,155.7,155.70,112.8
27.0728,3,24.100,167.40,166.3,165.93,123.6,164.5,164.31,128.7
27.1375,3,31.596,174.90,174.3,174.13,124.8,172.4,172.40,125.7
27.2055,3,39.290,182.59,181.3,181.90,120.6,179.2,179.46,107.0
27.2678,3,45.236,188.54,187.8,188.55,115.7,185.6,185.68,101.3
27.3338,3,49.697,193.00,193.3,194.61,106.7,191.0,191.20,86.5
27.3982,3,52.392,195.69,197.8,199.48,95.0,195.4,195.62,71.8
27.4641,3,53.297,196.60,199.3,202.22,74.5,196.9,197.39,34.2
27.5290,3,53.428,196.73,200.3,203.47,53.6,197.9,198.14,15.3
27.6000,3,54.138,197.44,199.8,203.24,30.4,197.4,197.63,-4.3
27.6586,3,55.275,198.58,199.8,202.41,15.4,197.4,197.39,-4.1
27.7242,3,56.763,200.06,201.3,202.32,9.1,198.9,198.61,15.0
27.7887,3,57.882,201.18,203.8,203.38,11.8,201.3,201.06,34.0
27.8544,3,58.525,201.83,204.3,204.23,12.2,201.8,202.03,17.9
27.9213,3,58.630,201.93,205.3,205.18,13.0,202.8,202.86,13.3
27.9844,3,59.432,202.73,204.8,205.36,9.4,202.3,202.52,-2.0
28.0505,3,61.421,204.72,206.3,206.15,10.3,203.8,203.58,13.2
28.1145,3,63.530,206.83,206.3,206.54,8.7,203.8,203.88,6.1
28.1794,3,67.086,210.39,212.3,209.92,24.9,209.7,208.89,65.2
28.2474,3,71.765,215.06,216.8,214.43,41.2,214.1,214.01,73.7
28.3096,3,76.202,219.50,220.8,219.00,52.8,218.1,218.14,67.8
28.3751,3,80.663,223.96,223.3,222.91,55.4,220.5,220.82,45.4
28.4450,3,85.173,228.47,227.3,227.07,57.0,224.5,224.40,50.4
28.5054,3,88.765,232.06,231.3,230.94,59.5,228.4,228.25,61.0
28.5714,3,91.471,234.77,232.8,233.74,52.9,229.9,230.23,34.9
28.6355,3,93.144,236.44,234.3,235.59,43.9,231.4,231.53,22.9
28.7005,3,93.879,237.18,234.8,236.44,32.2,231.9,232.03,10.3
28.7659,3,93.620,236.92,234.8,236.48,20.0,231.9,231.98,1.1
28.8306,3,91.878,235.18,234.8,236.14,10.3,231.9,231.89,-1.0
28.8960,3,88.479,231.78,232.8,234.59,-2.9,229.9,230.17,-22.1
28.9613,3,83.587,226.89,228.8,231.30,-21.3,225.9,226.34,-52.4
29.0262,3,77.269,220.57,225.3,227.41,-36.3,222.5,222.56,-57.3
29.0914,3,70.137,213.44,217.8,221.10,-59.8,215.1,215.64,-97.9
29.1565,3,62.859,206.16,211.8,214.36,-76.7,209.2,209.21,-98.8
29.2215,3,55.846,199.15,205.3,207.21,-89.4,202.8,202.80,-98.6
29.2890,3,48.698,192.00,198.8,199.88,-96.8,196.4,196.37,-95.7
29.3521,3,41.706,185.01,189.8,191.63,-109.3,187.6,187.99,-126.1
29.4170,3,36.223,179.52,185.3,184.95,-106.9,183.1,182.66,-89.6
29.4843,3,29.245,172.55,178.3,178.06,-105.1,176.3,176.33,-93.4
29.5472,3,23.137,166.44,172.3,171.91,-102.4,170.4,170.41,-94.0
29.6125,3,18.704,162.00,165.8,165.54,-100.5,164.0,164.07,-96.6
29.6775,3,15.649,158.95,161.3,160.27,-93.0,159.6,159.35,-76.5
29.7425,3,14.282,157.58,160.8,157.86,-71.5,159.1,158.44,-24.7
29.8081,3,14.726,158.03,157.8,155.66,-56.7,156.2,156.29,-31.4
29.8727,3,16.607,159.91,161.3,157.02,-26.9,159.6,158.83,27.1
29.9382,3,19.820,163.12,162.3,158.84,-5.8,160.6,160.60,27.1
30.0049,3,24.827,168.13,165.3,161.98,14.5,163.5,163.38,39.3
30.0684,3,29.554,172.85,171.3,167.16,38.6,169.4,168.88,78.1
30.1334,3,36.458,179.76,178.3,173.96,62.5,176.3,175.94,103.4
30.1984,3,43.512,186.81,186.8,182.31,86.1,184.6,184.33,124.7
30.2634,3,50.524,193.82,192.8,190.26,98.8,190.5,190.79,103.8
30.3292,3,57.497,200.80,199.8,198.28,106.8,197.4,197.42,101.2
30.3938,3,64.485,207.79,207.8,206.50,113.8,205.3,205.07,115.4
30.4594,3,71.474,214.77,213.8,213.88,113.3,211.2,211.38,99.3
30.5243,3,78.153,221.45,221.8,221.52,114.8,219.0,218.86,112.7
30.5894,3,83.031,226.33,222.3,225.57,96.7,219.5,220.51,40.0
30.6543,3,86.390,229.69,226.8,229.31,83.2,224.0,223.84,49.4
30.7233,3,88.397,231.70,228.3,231.57,64.8,225.4,225.69,30.0
30.7844,4,88.633,231.93,228.3,231.97,45.8,225.4,225.78,7.1
30.8502,4,85.815,229.12,226.8,230.95,24.4,224.0,224.30,-17.7
30.9148,4,77.658,220.96,223.8,228.31,2.2,221.0,221.33,-41.1
30.9800,4,66.367,209.67,215.8,222.41,-29.3,213.1,213.94,-101.2
31.0455,4,59.749,203.05,207.8,214.78,-58.7,205.3,205.55,-123.6
31.1104,4,58.289,201.59,204.3,208.07,-73.3,201.8,201.19,-76.9
31.1753,4,62.316,205.62,207.3,205.12,-64.4,204.8,203.51,16.6
31.2412,4,72.531,215.83,210.8,205.53,-42.1,208.2,207.69,55.8
31.3055,4,83.150,226.45,222.8,211.87,0.9,220.0,218.73,151.3
31.3711,4,87.849,231.15,226.3,217.55,27.4,223.5,224.22,94.9
31.4358,4,88.295,231.60,227.8,222.66,42.8,225.0,225.75,35.9
31.5011,4,88.879,232.18,232.3,228.29,55.4,229.4,229.20,50.0
31.5673,4,90.340,233.64,236.8,234.04,64.4,233.8,233.64,64.3
31.6314,4,91.929,235.23,237.3,237.79,62.8,234.3,234.84,26.7
31.6962,4,92.973,236.27,239.3,240.74,58.0,236.3,236.34,23.8
31.7616,4,93.300,236.60,240.3,242.67,50.0,237.3,237.37,17.2
31.8263,4,89.556,232.86,240.3,243.43,39.3,237.3,237.46,4.1
31.8918,4,79.256,222.56,232.8,240.16,13.9,229.9,231.02,-81.3
31.9580,4,62.056,205.36,221.3,232.70,-22.6,218.5,219.56,-158.3
32.0220,4,45.033,188.33,204.3,220.98,-67.2,201.8,202.95,-241.6
32.0901,4,9.228,152.53,178.8,203.66,-121.3,176.8,178.10,-346.6
32.1524,4,-15.381,127.92,145.8,182.29,-177.8,144.5,146.33,-478.6
32.2168,4,-46.684,96.62,110.3,157.41,-229.9,109.9,110.70,-540.4
32.2827,4,-70.455,72.85,81.3,130.68,-271.8,81.7,80.75,-468.6
32.3476,4,-88.487,54.81,60.3,103.49,-303.9,61.4,59.76,-348.3
32.4125,4,-99.358,43.94,47.8,76.95,-325.1,49.3,47.53,-215.5
32.4804,4,-103.843,39.46,40.8,51.92,-333.8,42.6,41.24,-111.3
32.5426,4,-101.556,41.74,39.8,33.16,-328.2,41.6,40.47,-31.1
32.6077,4,-93.390,49.91,43.3,19.78,-307.4,45.0,44.02,40.2
32.6732,4,-83.033,60.27,53.3,13.35,-272.7,54.6,53.47,126.9
32.7382,4,-63.142,80.16,66.8,12.41,-231.3,67.7,66.79,191.7
32.8039,4,-39.513,103.79,90.3,16.58,-184.5,90.4,88.84,311.9
32.8686,4,-20.605,122.70,113.8,23.71,-139.4,113.3,112.64,358.0
32.9339,4,-8.237,135.06,130.3,32.52,-98.1,129.3,130.31,285.2
32.9993,4,-2.373,140.93,139.3,42.59,-61.2,138.1,139.69,167.3
33.0642,4,-2.766,140.53,142.3,53.25,-29.6,141.0,142.44,63.7
33.1290,4,-9.519,133.78,139.8,63.65,-4.0,138.6,139.78,-23.2
33.1945,4,-23.341,119.96,130.3,72.96,15.3,129.3,130.63,-120.3
33.2593,4,-43.172,100.13,112.3,79.75,26.5,111.8,113.42,-240.5
33.3254,4,-61.665,81.64,90.3,82.94,29.2,90.4,91.45,-317.7
33.3897,4,-71.136,72.16,73.3,82.80,25.5,74.0,73.52,-285.7
33.4547,4,-78.333,64.97,65.8,81.04,19.5,66.7,64.98,-157.4
33.5196,4,-78.685,64.62,63.8,78.77,13.3,64.8,63.30,-48.4
33.5847,4,-72.647,70.65,66.8,77.13,9.0,67.7,66.57,33.6
33.6498,4,-60.528,82.77,73.8,76.94,7.7,74.4,73.61,95.5
33.7202,4,-42.518,100.78,87.8,79.60,11.3,88.0,87.01,177.6
33.7805,4,-17.149,126.15,107.8,85.89,20.6,107.4,105.84,285.0
33.8474,4,8.852,152.15,137.8,97.65,37.9,136.7,135.01,412.5
33.9106,4,24.178,167.48,162.3,112.51,58.8,160.6,160.67,407.4
33.9760,4,39.695,183.00,181.3,128.99,80.0,179.2,180.40,318.9
34.0411,4,48.342,191.64,190.8,144.92,98.0,188.5,190.39,181.5
34.1064,4,51.060,194.36,196.3,159.77,112.3,193.9,195.15,91.2
34.1713,4,46.968,190.27,196.3,172.59,121.6,193.9,194.99,13.5
34.2372,4,36.728,180.03,189.8,182.38,124.6,187.6,188.76,-77.0
34.3014,4,19.113,162.41,175.3,187.41,119.6,173.3,174.90,-191.6
34.3690,4,-4.514,138.79,157.3,187.80,106.6,155.7,156.57,-259.0
34.4317,4,-33.987,109.31,129.8,181.56,84.9,128.9,130.62,-385.0
34.4972,4,-60.369,82.93,98.8,169.97,55.9,98.7,99.65,-458.0
34.5627,4,-79.129,64.17,74.8,155.59,25.5,75.4,74.57,-395.6
34.6269,4,-89.162,54.14,58.3,140.33,-3.0,59.4,57.92,-283.4
34.6918,4,-96.631,46.67,46.8,124.92,-28.5,48.3,47.06,-187.2
34.7572,4,-98.133,45.17,40.8,109.94,-50.3,42.6,41.44,-102.8
34.8218,4,-101.652,41.65,43.3,96.60,-67.0,45.0,43.47,8.3
34.8876,4,-109.844,33.46,35.8,83.00,-82.0,37.7,38.65,-59.9
34.9544,4,-120.429,22.87,23.8,68.53,-96.5,26.2,27.39,-151.4
35.0179,4,-127.493,15.81,16.8,54.64,-108.9,19.5,19.22,-132.8
35.0831,4,-130.349,12.95,11.8,41.34,-118.7,14.7,14.08,-87.9
35.1483,4,-128.207,15.09,11.3,29.64,-124.9,14.2,13.34,-24.1
35.2130,4,-119.601,23.70,14.8,20.33,-126.8,17.6,16.70,38.9
35.2792,4,-104.880,38.42,25.3,14.42,-123.0,27.6,26.45,129.8
35.3431,4,-93.044,50.26,41.3,13.06,-113.0,43.0,41.80,220.5
35.4088,4,-83.036,60.26,53.3,14.60,-99.2,54.6,54.86,202.3
35.4843,4,-79.544,63.76,58.8,17.04,-84.0,59.9,61.13,95.4
35.5387,4,-78.305,65.00,57.3,20.74,-71.3,58.5,59.93,7.9
35.6039,4,-73.599,69.70,60.8,24.34,-58.7,61.9,61.66,23.4
35.6693,4,-67.092,76.21,66.3,28.96,-45.7,67.2,66.60,66.8
35.7340,4,-63.007,80.29,74.3,34.92,-31.9,74.9,74.33,110.4
35.8289,4,-61.439,81.86,76.3,40.70,-18.3,76.9,77.49,34.0
35.8644,4,-59.303,84.00,75.8,46.55,-8.3,76.4,77.03,8.8
35.9299,4,-49.283,94.02,82.8,52.77,2.1,83.2,82.36,71.0
35.9965,4,-33.348,109.95,93.8,60.52,14.0,93.8,92.87,143.7
36.0604,4,-11.078,132.22,113.3,71.06,29.0,112.8,111.16,261.0
36.1253,4,9.288,152.59,137.3,84.85,47.6,136.2,134.98,349.1
36.1920,4,22.440,165.74,153.8,100.05,66.4,152.3,153.13,284.1
36.2552,4,29.218,172.52,164.3,115.01,83.3,162.6,163.86,190.7
36.3230,4,30.159,173.46,168.8,129.30,96.9,167.0,168.32,84.6
36.3856,4,30.665,173.97,169.3,141.46,106.5,167.5,168.41,17.1
36.4511,4,31.653,174.95,174.3,153.16,113.9,172.4,171.95,47.9
36.5168,4,32.758,176.06,177.3,163.74,118.7,175.3,175.27,50.1
36.5813,4,33.124,176.42,179.8,172.98,121.2,177.8,177.86,41.9
36.6461,4,33.133,176.43,179.3,180.54,120.7,177.3,177.75,5.7
36.7125,4,29.076,172.38,176.8,186.28,117.2,174.8,175.28,-30.3
36.7762,4,19.047,162.35,171.3,189.39,110.4,169.4,170.01,-73.3
36.8417,4,2.376,145.68,156.8,188.83,98.1,155.2,156.66,-182.0
36.9065,4,-19.572,123.73,135.8,183.64,79.9,134.7,136.20,-292.9
36.9719,4,-39.265,104.04,111.8,174.18,56.7,111.3,112.15,-355.4
37.0369,4,-51.986,91.31,93.3,162.37,32.2,93.3,92.71,-308.6
37.1023,4,-58.594,84.71,80.3,149.63,8.6,80.7,79.54,-219.3
37.1668,4,-59.858,83.44,79.3,138.06,-10.7,79.8,77.64,-62.4
37.2343,4,-63.671,79.63,78.3,127.23,-26.7,78.8,78.05,-4.4
37.2972,4,-69.210,74.09,76.3,117.10,-40.0,76.9,77.00,-14.4
37.3626,4,-80.140,63.16,68.8,106.52,-52.6,69.6,70.53,-84.8
37.4291,4,-89.594,53.71,54.3,94.38,-66.1,55.6,56.91,-185.8
37.4924,4,-94.810,48.49,47.3,82.55,-78.0,48.8,48.27,-145.3
37.5585,4,-96.156,47.14,42.8,71.16,-87.7,44.5,43.66,-82.0
37.6229,4,-91.573,51.73,44.8,61.73,-93.5,46.4,45.23,5.8
37.6880,4,-80.244,63.06,52.3,55.02,-94.5,53.7,52.48,93.6
37.7535,4,-62.761,80.54,66.8,52.21,-89.3,67.7,66.35,192.2
37.8184,4,-38.859,104.44,84.8,53.71,-78.1,85.1,84.18,260.5
37.8838,4,-20.392,122.91,112.3,60.71,-59.4,111.8,110.27,375.7
37.9513,4,0.028,143.33,134.3,71.21,-37.0,133.2,133.57,350.0
38.0141,4,7.803,151.10,149.3,83.32,-14.7,147.9,149.06,266.1
38.0792,4,12.379,155.68,156.3,95.26,5.2,154.7,156.43,139.0
38.1443,4,10.210,153.51,159.3,106.54,22.2,157.7,158.81,53.8
38.2092,4,1.667,144.97,151.8,115.51,33.8,150.3,152.09,-76.7
38.2757,4,-13.227,130.07,142.8,122.14,40.6,141.5,142.31,-135.8
38.3394,4,-31.428,111.87,126.8,125.10,41.2,125.9,127.09,-220.5
38.4046,4,-43.998,99.30,108.3,124.23,35.7,107.9,108.61,-272.8
38.4710,4,-49.952,93.35,97.8,121.26,27.5,97.7,96.69,-194.5
38.5348,4,-50.102,93.20,93.3,117.47,19.0,93.3,91.98,-95.3
38.5996,4,-45.212,98.09,94.8,114.21,12.1,94.8,93.48,2.9
38.6683,4,-34.540,108.76,103.8,112.89,8.8,103.5,102.21,109.1
38.7302,4,-22.908,120.39,115.3,113.80,9.4,114.7,113.82,172.5
38.7958,4,-17.345,125.96,123.3,116.12,12.0,122.5,122.89,144.0
38.8606,4,-15.867,127.43,126.8,118.82,15.0,125.9,126.85,75.3
38.9259,4,-8.930,134.37,130.3,121.84,18.2,129.3,129.69,48.8
38.9909,4,4.108,147.41,138.3,126.01,22.8,137.1,136.52,95.5
39.0562,4,20.693,163.99,155.3,132.97,31.4,153.8,152.15,215.3
39.1221,4,31.724,175.02,171.3,142.20,42.6,169.4,168.98,248.6
39.1864,4,35.821,179.12,179.3,151.69,53.3,177.3,178.41,164.5
39.2537,4,35.568,178.87,179.8,160.11,61.0,177.8,179.38,37.6
39.3166,4,28.843,172.14,178.8,166.87,65.7,176.8,177.53,-17.0
39.3816,4,15.555,158.86,168.3,170.58,64.8,166.5,167.93,-125.6
39.4474,4,-4.065,139.24,151.8,170.23,57.3,150.3,151.67,-227.1
39.5117,4,-30.990,112.31,128.3,164.75,42.5,127.4,128.83,-333.0
39.5771,4,-61.785,81.52,101.3,154.38,21.1,101.1,101.97,-397.8
39.6435,4,-87.777,55.52,69.8,139.20,-6.0,70.6,71.28,-452.0
39.7074,4,-106.598,36.70,48.3,122.33,-33.0,49.8,48.68,-370.9
39.7721,4,-118.887,24.41,30.8,104.68,-58.4,32.9,31.72,-280.7
39.8374,4,-123.991,19.31,20.3,87.32,-80.6,22.8,21.46,-177.8
