timestamp,zone_00,zone_01,zone_02,zone_03,zone_04,zone_05,zone_06,zone_07,zone_08,zone_09,zone_10,zone_11,zone_12,zone_13,zone_14,zone_15,zone_16,zone_17,zone_18,zone_19,zone_20,zone_21,zone_22,zone_23,zone_24,zone_25,zone_26,zone_27,zone_28,zone_29,zone_30,zone_31,zone_32,zone_33,zone_34,zone_35,zone_36,zone_37,zone_38,zone_39,zone_40,zone_41,zone_42,zone_43,zone_44,zone_45,zone_46,zone_47,zone_48,zone_49,zone_50,zone_51,zone_52,zone_53,zone_54,zone_55,zone_56,zone_57,zone_58,zone_59,zone_60,zone_61,zone_62,zone_63
2026-06-28T15:41:42.005,102,100,104,97,91,88,71,61,102,107,105,99,98,86,78,66,0,106,101,98,91,94,84,70,0,102,96,95,94,93,88,72,0,104,99,94,92,89,86,72,108,109,96,94,87,89,77,69,104,104,95,95,91,90,79,66,95,92,95,99,89,79,68,58
2026-06-28T15:41:42.124,105,94,97,96,92,81,74,64,112,0,101,102,96,93,76,66,0,108,99,98,91,92,86,68,0,111,94,95,90,90,88,75,0,107,96,96,91,88,87,70,104,109,98,97,92,89,78,72,105,97,92,99,91,90,81,64,87,92,88,91,90,75,67,61
2026-06-28T15:41:42.222,117,101,104,96,92,80,71,64,104,0,104,100,97,90,74,62,0,108,103,97,94,96,82,71,0,108,94,94,90,91,87,73,0,103,97,94,93,90,84,71,109,101,100,95,89,87,79,69,103,101,99,95,91,88,74,64,92,97,95,94,86,77,69,61
2026-06-28T15:41:42.325,108,101,108,99,88,83,71,62,106,0,107,99,96,92,78,66,0,108,101,100,95,101,86,69,0,106,99,95,95,93,90,72,0,101,98,93,90,90,85,74,110,105,98,94,91,87,84,73,104,98,96,96,92,89,76,69,89,95,97,93,87,79,66,60
2026-06-28T15:41:42.423,103,97,100,102,86,83,72,63,105,0,100,96,104,89,79,68,0,106,102,95,92,92,79,70,0,112,97,96,90,89,82,70,0,105,93,94,91,87,88,69,109,103,102,90,90,89,78,66,104,101,97,97,95,89,77,66,93,90,100,96,89,77,67,60
2026-06-28T15:41:42.525,110,101,100,97,90,83,71,64,115,0,102,98,95,93,78,66,0,110,99,98,93,92,87,69,0,112,98,91,93,93,84,71,0,105,95,95,91,88,84,72,113,102,100,92,91,87,88,69,107,97,102,100,92,87,81,67,89,95,94,93,88,85,67,61
2026-06-28T15:41:42.621,0,97,101,96,84,80,72,59,105,0,101,101,92,90,76,64,0,104,99,96,94,94,84,67,0,107,95,94,90,92,89,72,0,105,97,94,89,89,89,68,109,102,98,93,92,88,84,68,104,102,101,95,91,88,77,67,93,99,95,94,87,79,69,61
2026-06-28T15:41:42.715,111,105,103,96,91,80,73,61,106,0,108,99,98,92,79,67,0,104,101,94,93,94,83,68,0,110,96,93,92,91,83,72,0,100,97,95,89,90,88,71,106,105,98,93,91,89,82,68,108,104,94,97,91,89,76,69,92,99,94,93,87,79,65,59
2026-06-28T15:41:42.811,125,99,101,94,94,82,72,60,100,0,101,101,95,94,72,63,0,107,102,100,90,89,84,72,0,109,95,95,89,88,84,70,0,105,96,92,90,90,89,70,106,102,94,89,90,90,84,67,102,97,97,98,91,90,79,67,92,93,97,92,84,80,67,62
2026-06-28T15:41:42.909,106,100,97,97,88,83,71,66,102,0,95,98,94,94,80,67,0,104,101,95,91,92,87,72,0,103,100,94,94,89,84,73,0,105,96,95,91,90,89,73,108,99,97,96,90,90,79,70,104,100,98,98,92,84,77,66,94,94,101,90,91,79,71,56
2026-06-28T15:41:43.002,104,101,101,94,94,81,74,64,103,0,104,97,93,92,78,66,0,108,103,97,95,91,80,72,0,108,101,93,92,90,84,70,0,106,95,95,94,86,85,71,106,102,99,94,91,87,84,66,100,97,101,98,92,89,76,65,91,96,93,95,88,81,65,59
2026-06-28T15:41:43.099,108,104,99,98,95,86,72,68,108,0,100,97,92,93,78,68,0,105,102,97,92,95,89,70,1514,108,99,93,90,91,85,72,0,103,94,95,92,90,86,73,110,100,98,93,93,88,81,69,107,100,100,99,88,90,78,65,93,96,94,86,90,80,71,61
2026-06-28T15:41:43.191,98,98,107,98,97,83,67,65,107,0,107,99,97,92,81,66,0,107,103,97,93,95,84,70,0,108,101,96,93,92,82,72,0,103,99,95,91,88,88,72,112,106,96,90,88,88,80,72,103,101,98,101,94,87,75,67,87,93,93,94,88,78,68,61
2026-06-28T15:41:43.281,109,95,99,104,91,86,66,59,104,0,104,102,100,90,79,62,0,105,100,98,92,92,87,70,0,109,98,93,91,90,84,72,0,101,94,98,89,89,87,71,107,103,96,97,89,89,75,67,100,103,98,97,94,89,76,65,88,92,92,94,86,78,69,62
2026-06-28T15:41:43.374,112,100,103,95,94,81,71,60,106,111,100,101,97,90,76,65,0,109,93,97,95,89,85,72,0,112,99,92,89,91,86,69,0,106,99,96,92,90,88,71,108,106,96,92,89,88,78,67,110,99,99,96,89,90,77,68,93,94,92,96,86,79,70,56
2026-06-28T15:41:43.473,99,102,102,101,98,84,76,63,113,0,106,96,97,94,78,68,0,110,99,95,92,96,80,68,0,115,95,96,90,91,88,74,0,105,97,93,87,90,89,69,112,100,97,96,89,84,81,68,104,99,98,101,93,91,81,65,91,94,95,96,86,78,71,62
2026-06-28T15:41:43.611,98,100,105,97,96,82,74,60,109,0,104,97,96,95,78,66,0,105,103,98,92,93,81,65,0,108,97,95,94,90,87,71,0,106,95,95,90,90,88,72,113,100,98,91,91,86,82,68,103,98,100,99,93,89,79,65,96,88,93,94,88,81,71,61
2026-06-28T15:41:43.707,110,103,98,101,98,78,69,61,102,0,104,98,91,94,77,70,0,0,104,97,95,92,83,72,154,107,99,98,90,90,86,73,0,100,97,96,91,91,87,72,111,102,100,94,91,88,83,70,105,100,99,96,96,88,78,64,89,94,93,96,88,73,68,58
2026-06-28T15:41:43.803,105,102,104,96,93,84,73,62,103,0,103,101,96,91,83,64,0,102,98,100,95,94,84,69,0,108,97,96,90,90,84,72,0,106,96,91,91,86,87,67,109,103,100,92,88,85,81,69,104,101,102,100,88,86,73,66,90,98,101,95,91,79,70,62
2026-06-28T15:41:43.900,101,103,90,97,90,84,74,59,109,0,101,100,96,93,83,64,0,108,102,98,92,95,86,66,0,112,97,92,93,91,85,74,0,104,96,94,89,85,82,74,105,103,100,91,89,85,81,70,104,103,96,98,91,90,74,69,99,96,96,94,86,83,67,62
2026-06-28T15:41:43.995,0,107,100,94,93,85,72,67,104,0,106,104,95,96,78,66,0,106,104,96,94,92,81,71,0,101,100,96,92,91,86,72,0,110,96,96,90,89,86,75,105,100,96,92,93,86,87,71,104,103,101,98,94,90,76,66,89,100,94,94,91,80,64,62
2026-06-28T15:41:44.088,111,96,98,94,91,80,72,63,103,109,96,103,95,92,78,66,0,106,104,95,94,92,87,69,0,105,102,96,92,91,85,72,0,103,98,94,92,90,86,71,107,100,101,96,92,90,84,69,104,94,99,98,91,88,76,61,93,94,96,88,91,75,68,62
2026-06-28T15:41:44.178,109,104,101,96,94,85,72,61,102,0,106,99,95,91,79,66,0,109,102,97,96,92,86,70,0,106,95,93,95,91,82,70,0,101,98,95,88,91,89,68,105,103,98,91,91,89,81,71,99,94,99,94,91,88,79,64,91,92,97,93,86,81,66,64
2026-06-28T15:41:44.273,108,104,100,99,92,78,73,64,107,0,111,102,96,94,78,66,0,110,101,92,98,95,88,70,0,112,94,98,89,93,88,73,0,107,101,96,93,90,86,71,108,108,94,93,91,92,87,69,103,102,101,100,91,89,80,66,89,95,90,97,88,78,70,59
2026-06-28T15:41:44.367,114,97,109,104,94,95,73,64,110,112,108,110,104,101,83,70,0,108,111,100,101,98,91,70,0,117,104,106,94,100,90,79,0,112,105,100,98,95,96,77,112,108,101,103,96,98,86,71,108,113,105,106,99,94,81,69,92,99,103,98,92,86,73,64
2026-06-28T15:41:44.466,125,111,110,113,113,102,86,75,132,128,128,117,107,112,89,78,142,136,126,116,118,114,106,81,0,138,122,120,109,111,96,88,158,129,121,112,111,107,106,85,125,133,119,118,111,109,94,87,116,117,123,117,115,105,90,77,100,110,108,109,101,89,76,77
2026-06-28T15:41:44.558,134,120,124,123,114,109,92,69,135,135,143,129,129,119,98,86,146,145,138,126,129,124,112,91,162,148,134,131,118,117,113,94,157,152,133,127,122,118,113,99,134,140,130,128,118,114,110,98,122,132,130,132,126,109,105,88,103,114,118,116,112,99,88,62
2026-06-28T15:41:44.651,139,130,123,126,123,108,97,64,124,132,137,132,131,125,104,85,150,151,137,134,136,127,118,97,160,158,140,130,123,127,120,104,164,152,145,130,121,119,123,104,135,148,132,132,123,120,110,95,124,130,131,131,129,115,103,73,111,115,115,120,113,105,95,62
2026-06-28T15:41:44.746,137,124,120,132,116,113,101,63,139,140,145,142,134,116,102,83,157,151,144,137,131,122,105,95,0,157,139,128,125,124,115,106,166,160,133,132,129,121,122,107,146,150,139,133,123,118,110,100,126,131,132,137,130,117,109,76,108,115,120,122,117,102,95,65
2026-06-28T15:41:44.859,138,135,128,126,115,107,105,65,139,145,148,145,135,124,104,84,145,154,141,134,130,125,115,101,158,161,140,133,128,128,115,104,159,155,142,129,121,117,122,101,150,144,141,130,123,118,112,96,117,132,133,122,128,117,108,77,105,109,117,113,113,105,95,63
2026-06-28T15:41:44.958,140,121,125,115,115,102,95,66,136,145,139,128,132,117,98,89,149,145,146,133,128,122,117,99,0,160,139,128,134,127,125,109,162,146,144,130,122,121,116,99,146,148,145,133,121,122,116,104,121,139,132,133,131,115,106,81,105,116,122,117,113,102,96,65
2026-06-28T15:41:45.053,144,125,137,127,113,105,101,62,137,137,140,139,126,117,105,80,151,146,137,135,132,130,119,103,169,153,137,129,126,121,117,99,171,146,135,133,128,123,113,105,133,141,144,131,122,123,112,95,130,131,137,134,128,123,105,80,110,111,115,120,115,110,91,62
2026-06-28T15:41:45.147,144,124,132,132,110,109,95,64,129,140,140,135,133,126,109,81,152,141,141,135,132,118,115,105,168,155,134,133,125,128,116,102,166,159,139,128,122,119,125,105,140,146,129,130,120,120,115,99,121,129,131,142,133,116,105,79,112,119,117,118,118,103,95,61
2026-06-28T15:41:45.244,148,122,141,121,111,107,91,58,135,142,143,128,138,115,103,86,149,145,137,134,130,123,113,103,164,162,136,134,128,128,117,108,164,154,141,129,125,122,120,100,143,135,140,136,123,121,109,99,122,135,133,136,125,123,106,77,110,122,122,119,110,112,93,62
2026-06-28T15:41:45.340,133,123,126,126,113,105,106,61,135,142,138,140,133,115,104,81,146,154,145,144,128,130,107,106,167,163,138,133,129,122,112,100,169,152,134,138,125,119,124,105,146,146,134,138,123,121,114,96,124,132,135,132,137,120,110,75,113,118,120,117,113,104,95,58
2026-06-28T15:41:45.437,146,121,127,125,113,106,98,60,143,147,136,143,127,121,107,83,147,149,147,132,131,126,115,97,165,156,137,129,126,125,117,98,164,149,141,134,125,121,123,104,144,148,144,124,126,118,115,103,122,140,138,136,132,120,111,80,111,117,121,114,116,108,91,63
2026-06-28T15:41:45.536,145,123,128,125,117,102,102,62,135,133,149,136,135,116,101,83,154,148,139,134,132,126,112,101,164,162,134,130,125,127,110,101,165,157,132,132,125,121,115,98,140,142,136,134,125,124,105,103,126,130,137,137,124,123,105,80,108,114,117,115,107,103,101,64
2026-06-28T15:41:45.657,142,130,134,134,118,111,93,57,144,142,144,140,135,118,103,91,155,152,134,136,128,126,112,100,158,155,142,130,127,124,119,104,164,154,140,130,124,122,122,104,136,141,139,132,125,126,112,92,117,131,138,136,130,124,101,79,106,114,116,119,109,112,99,63
2026-06-28T15:41:45.731,135,125,134,125,115,108,92,61,136,134,134,137,136,123,102,85,155,146,139,135,131,129,114,97,162,155,143,133,125,124,116,108,166,158,138,131,120,121,117,111,135,144,138,132,124,117,112,102,123,137,136,136,126,120,101,76,114,113,113,123,114,109,98,58
2026-06-28T15:41:45.832,142,127,121,129,114,108,96,66,134,129,142,138,134,120,102,85,0,151,146,131,126,128,113,102,161,155,136,133,125,126,123,104,158,156,141,128,128,120,116,105,140,145,149,130,122,121,111,97,126,141,137,133,130,118,108,79,104,112,117,123,112,104,96,64
2026-06-28T15:41:45.940,147,133,127,131,120,106,95,68,133,131,145,146,134,122,106,87,149,152,153,131,136,132,109,107,168,155,144,133,125,126,125,104,168,144,134,131,123,120,123,107,132,152,139,124,124,123,117,97,125,132,132,137,132,120,108,79,109,111,117,115,118,111,100,62
2026-06-28T15:41:46.035,145,118,121,132,113,106,96,59,136,144,142,140,130,124,103,84,150,147,146,135,128,133,113,103,163,158,139,130,130,131,117,103,165,156,135,128,127,125,118,105,134,152,142,133,124,119,109,105,126,134,136,131,135,118,111,72,118,115,117,122,113,106,99,70
2026-06-28T15:41:46.131,129,122,125,124,110,108,105,60,139,140,145,134,127,118,106,82,152,148,141,131,135,122,112,101,169,159,137,139,131,122,118,104,157,153,139,129,126,120,119,110,144,154,142,130,124,125,104,100,126,132,132,130,132,125,109,80,111,113,121,119,110,101,100,61
2026-06-28T15:41:46.228,138,115,124,125,118,110,98,64,130,143,138,139,133,126,104,80,146,150,138,127,130,129,119,97,158,164,140,133,124,126,119,102,0,160,134,131,125,119,121,105,133,144,139,131,125,125,114,103,127,131,139,134,128,127,100,78,112,117,121,117,113,107,97,66
2026-06-28T15:41:46.323,141,121,135,126,121,109,99,67,139,144,142,146,136,131,110,73,153,157,146,133,137,136,117,103,163,161,143,133,130,133,128,108,169,158,145,133,130,126,121,107,147,149,139,139,127,125,115,91,127,132,141,138,137,122,110,75,112,121,120,125,118,111,94,84
2026-06-28T15:41:46.421,0,0,0,0,0,0,87,128,0,0,0,0,0,0,0,88,0,0,0,144,146,138,0,86,0,0,153,143,136,138,123,99,0,0,148,147,137,132,0,93,136,0,149,146,135,141,127,93,128,139,0,0,143,132,0,91,118,128,124,136,124,0,90,141
2026-06-28T15:41:46.518,0,0,0,0,0,0,131,148,0,0,0,0,0,0,0,140,0,0,0,0,0,0,0,112,0,0,0,0,152,0,0,107,0,0,0,158,154,151,0,110,0,0,0,0,153,148,0,132,0,0,0,0,0,0,120,143,0,0,0,0,0,0,132,152
2026-06-28T15:41:46.616,0,0,0,0,0,0,154,152,0,0,0,0,0,0,118,154,0,0,0,0,0,0,0,141,0,0,0,0,162,161,0,137,0,0,0,0,159,157,0,135,0,0,0,0,164,0,0,145,0,0,0,0,0,0,131,156,0,0,0,0,0,140,153,155
2026-06-28T15:41:46.714,0,0,0,0,0,0,157,157,0,0,0,0,0,0,124,156,0,0,0,0,0,0,0,140,0,0,0,177,167,0,0,139,0,0,0,0,160,155,0,135,0,0,0,0,162,160,0,147,0,0,0,0,0,0,135,155,0,0,0,0,0,142,155,156
2026-06-28T15:41:46.852,0,0,0,0,0,0,157,156,0,0,0,0,0,0,121,157,0,0,0,0,0,0,0,141,0,0,0,0,164,0,0,139,0,0,0,172,163,161,0,137,0,0,0,0,164,0,0,147,0,0,0,0,0,0,137,156,0,0,0,0,0,147,155,156
2026-06-28T15:41:46.946,0,0,0,0,0,0,156,157,0,0,0,0,0,0,128,155,0,0,0,0,0,0,0,144,0,0,0,0,159,0,0,139,0,0,0,171,159,155,0,139,0,0,0,0,160,0,0,149,0,0,0,0,0,0,136,155,0,0,0,0,0,142,152,157
2026-06-28T15:41:47.039,0,0,0,0,0,0,153,155,0,0,0,0,0,0,125,155,0,0,0,0,0,0,0,145,0,0,0,0,161,0,0,142,0,0,0,170,158,160,0,133,0,0,0,0,163,0,0,150,0,0,0,0,0,0,133,156,0,0,0,0,0,145,153,157
2026-06-28T15:41:47.138,0,0,0,0,0,0,154,156,0,0,0,0,0,0,131,154,0,0,0,0,0,0,0,143,0,0,0,0,165,0,0,141,0,0,0,167,157,165,0,137,0,0,0,0,167,156,0,145,0,0,0,0,0,0,136,155,0,0,0,0,0,139,154,156
2026-06-28T15:41:47.232,0,0,0,0,0,0,154,156,0,0,0,0,0,0,125,154,0,0,0,0,0,0,0,146,0,0,0,0,165,0,0,143,0,0,0,174,163,158,0,138,0,0,0,0,158,0,0,149,0,0,0,0,0,0,139,156,0,0,0,0,0,141,156,156
2026-06-28T15:41:47.331,0,0,0,0,0,0,155,155,0,0,0,0,0,0,121,155,0,0,0,0,0,0,0,143,0,0,0,0,163,0,0,138,0,0,0,171,159,159,0,137,0,0,0,0,161,0,0,148,0,0,0,0,0,0,136,154,0,0,0,0,0,141,156,155
2026-06-28T15:41:47.428,0,0,0,0,0,0,157,158,0,0,0,0,0,0,124,155,0,0,0,0,0,0,0,144,0,0,0,0,158,0,0,136,0,0,0,167,158,156,0,140,0,0,0,0,167,0,0,149,0,0,0,0,0,0,137,155,0,0,0,0,0,145,155,157
2026-06-28T15:41:47.522,0,0,0,0,0,0,156,158,0,0,0,0,0,0,124,156,0,0,0,0,0,0,0,143,0,0,0,0,167,0,0,140,0,0,0,171,160,162,0,137,0,0,0,0,163,0,0,153,0,0,0,0,0,0,130,155,0,0,0,0,0,144,154,156
2026-06-28T15:41:47.612,0,0,0,0,0,0,151,157,0,0,0,0,0,0,125,155,0,0,0,0,0,0,0,144,0,0,0,0,163,0,0,140,0,0,0,167,160,159,0,140,0,0,0,0,165,0,0,148,0,0,0,0,0,0,142,156,0,0,0,0,0,146,155,156
2026-06-28T15:41:47.756,0,0,0,0,0,0,152,157,0,0,0,0,0,0,124,155,0,0,0,0,0,0,0,143,0,0,0,0,161,0,0,141,0,0,0,0,159,159,0,136,0,0,0,0,164,0,0,148,0,0,0,0,0,0,141,156,0,0,0,0,0,141,156,156
2026-06-28T15:41:47.797,0,0,0,0,0,0,155,160,0,0,0,0,0,0,126,157,0,0,0,0,0,0,0,144,0,0,0,0,164,0,0,142,0,0,0,173,161,161,0,138,0,0,0,0,164,0,0,150,0,0,0,0,0,0,138,156,0,0,0,0,0,146,155,158
2026-06-28T15:41:47.895,0,0,0,0,0,0,153,157,0,0,0,0,0,0,122,156,0,0,0,0,0,0,0,145,0,0,0,0,167,0,0,142,0,0,0,172,163,158,0,143,0,0,0,0,163,0,0,146,0,0,0,0,0,0,138,157,0,0,0,0,0,143,155,158
2026-06-28T15:41:47.994,0,0,0,0,0,0,154,157,0,0,0,0,0,0,125,155,0,0,0,0,0,0,0,145,0,0,0,0,165,0,0,139,0,0,0,166,160,160,0,139,0,0,0,0,158,0,0,154,0,0,0,0,0,0,138,154,0,0,0,0,0,143,155,158
2026-06-28T15:41:48.092,0,0,0,0,0,0,154,159,0,0,0,0,0,0,127,153,0,0,0,0,0,0,0,143,0,0,0,0,169,0,0,142,0,0,0,170,162,151,0,137,0,0,0,0,168,0,0,151,0,0,0,0,0,0,138,156,0,0,0,0,0,143,155,158
2026-06-28T15:41:48.190,0,0,0,0,0,0,154,157,0,0,0,0,0,0,120,153,0,0,0,0,0,0,0,143,0,0,0,0,162,0,0,140,0,0,0,169,168,159,0,136,0,0,0,0,159,0,0,148,0,0,0,0,0,0,133,156,0,0,0,0,0,143,153,157
2026-06-28T15:41:48.328,0,0,0,0,0,128,155,157,0,0,0,0,0,0,122,157,0,0,0,0,0,0,0,149,0,0,0,0,165,0,0,144,0,0,0,171,164,154,0,140,0,0,0,0,163,0,0,153,0,0,0,0,0,0,143,160,0,0,0,0,0,145,156,159
2026-06-28T15:41:48.427,187,0,0,0,0,145,163,161,0,0,0,0,0,0,140,165,0,0,0,0,0,0,0,158,0,0,0,0,177,0,0,159,0,0,0,0,171,172,0,157,0,0,0,0,169,0,0,160,0,0,0,0,0,0,157,162,171,0,0,0,0,161,160,165
2026-06-28T15:41:48.522,195,0,0,0,166,173,173,176,0,0,0,0,0,0,165,176,0,0,0,0,0,0,163,170,0,0,0,0,188,0,0,170,0,0,0,0,186,177,0,169,0,0,0,0,0,0,168,174,0,0,0,0,0,0,175,173,184,174,0,0,167,174,172,177
2026-06-28T15:41:48.619,198,194,0,0,188,179,182,182,192,0,0,0,0,176,180,180,0,0,0,0,0,0,173,179,0,0,0,0,199,0,174,179,0,0,0,206,192,190,176,180,0,0,0,0,0,0,180,185,191,0,0,0,0,182,183,181,193,189,192,188,182,184,182,186
2026-06-28T15:41:48.709,204,196,190,0,184,186,187,187,197,0,0,0,0,179,182,186,0,0,0,0,0,0,186,184,0,0,0,0,203,0,182,184,0,0,0,0,199,0,184,183,0,0,0,0,0,0,183,185,196,0,0,0,0,186,185,187,198,192,189,189,186,187,187,187
2026-06-28T15:41:48.811,206,200,192,0,188,186,188,184,200,0,0,0,0,182,184,185,0,0,0,0,0,0,179,186,0,0,0,0,201,0,185,185,0,0,0,0,201,199,191,183,0,0,0,0,0,0,182,187,198,0,0,0,0,186,188,189,197,194,190,189,188,189,187,187
2026-06-28T15:41:48.908,206,193,197,0,190,189,189,186,195,0,0,0,0,180,182,187,0,0,0,0,0,0,183,184,0,0,0,0,201,0,180,186,0,0,0,0,199,196,187,185,0,0,0,0,0,0,182,184,194,0,0,0,0,185,185,187,200,192,189,188,187,187,184,188
2026-06-28T15:41:48.998,205,196,198,0,182,187,188,188,204,0,0,0,0,185,178,185,0,0,0,0,0,0,175,187,0,0,0,0,191,0,178,186,0,0,0,0,204,0,184,185,0,0,0,0,0,0,184,183,195,0,0,0,0,189,188,188,199,190,186,192,189,186,189,188
2026-06-28T15:41:49.098,203,192,195,0,184,189,189,187,196,0,0,0,0,182,186,186,0,0,0,0,0,0,182,184,0,0,0,0,202,0,182,183,0,0,0,0,195,0,180,183,0,0,0,0,0,0,186,188,197,0,0,0,0,187,189,188,202,192,187,188,187,187,187,187
2026-06-28T15:41:49.190,204,190,195,0,184,189,189,187,196,0,0,0,0,190,183,186,0,0,0,0,0,0,182,184,0,0,0,0,195,0,183,182,0,0,0,0,198,203,189,183,0,0,0,0,0,0,183,183,197,0,0,0,0,185,186,184,195,190,193,192,185,189,186,188
2026-06-28T15:41:49.279,202,191,188,0,182,188,187,186,196,0,0,0,0,182,181,186,0,0,0,0,0,0,185,186,0,0,0,0,196,0,177,185,0,0,0,0,200,0,187,184,0,0,0,0,0,0,180,187,199,0,0,0,0,186,189,190,197,192,184,186,183,187,185,188
2026-06-28T15:41:49.380,208,192,192,0,183,188,186,188,201,0,0,0,0,180,183,187,0,0,0,0,0,0,180,187,0,0,0,0,199,0,178,187,0,0,0,0,201,0,189,183,0,0,0,0,0,0,183,185,196,0,0,0,0,190,189,184,197,194,185,184,184,190,185,188
2026-06-28T15:41:49.472,203,195,196,0,190,187,186,189,199,0,0,0,0,195,183,187,0,0,0,0,0,0,180,184,0,0,0,0,204,0,187,187,0,0,0,0,199,0,185,183,0,0,0,0,0,0,182,183,198,0,0,0,0,185,189,184,203,194,189,187,184,185,186,189
2026-06-28T15:41:49.567,203,194,189,0,188,185,185,190,198,0,0,0,0,181,186,189,0,0,0,0,0,0,181,186,0,0,0,0,196,0,179,185,0,0,0,0,200,0,185,185,0,0,0,0,0,0,184,184,197,0,0,0,0,183,190,183,196,192,195,191,186,184,183,193
2026-06-28T15:41:49.668,205,193,195,0,186,189,187,188,197,0,0,0,0,183,183,185,0,0,0,0,0,0,180,188,0,0,0,0,199,0,184,185,0,0,0,0,198,197,188,183,0,0,0,0,0,0,182,185,195,0,0,0,0,183,186,188,201,192,194,184,187,186,186,188
2026-06-28T15:41:49.792,204,194,194,0,184,188,189,186,198,0,0,0,0,187,183,184,0,0,0,0,0,0,182,186,0,0,0,0,202,0,183,184,0,0,0,0,194,202,182,184,0,0,0,0,0,0,183,186,194,0,0,0,0,191,185,186,200,192,195,194,191,189,186,187
2026-06-28T15:41:49.862,205,192,191,0,186,189,189,187,200,0,0,0,0,186,185,187,0,0,0,0,0,0,182,183,0,0,0,0,205,0,174,185,0,0,0,0,199,194,183,185,0,0,0,0,0,0,184,183,194,0,0,0,0,189,187,186,200,191,187,195,185,188,186,186
2026-06-28T15:41:49.962,200,193,194,0,190,187,186,187,201,0,0,0,0,182,187,186,0,0,0,0,0,0,182,183,0,0,0,0,202,0,180,184,0,0,0,0,201,194,182,186,0,0,0,0,0,0,180,187,197,0,0,0,0,188,186,188,197,195,194,184,188,187,188,191
2026-06-28T15:41:50.066,207,195,194,0,190,188,187,185,197,0,0,0,0,181,186,187,0,0,0,0,0,0,180,185,0,0,0,0,199,0,189,188,0,0,0,0,200,0,179,184,0,0,0,0,0,0,183,187,198,0,0,0,0,186,186,187,198,193,188,187,184,187,187,189
2026-06-28T15:41:50.162,206,194,192,0,183,188,186,188,197,0,0,0,0,183,183,186,0,0,0,0,0,0,181,186,0,0,0,0,203,0,185,183,0,0,0,0,197,208,193,183,0,0,0,0,0,0,180,184,196,0,0,0,0,184,187,187,201,194,193,187,186,189,187,188
2026-06-28T15:41:50.260,200,196,188,0,182,189,186,186,199,0,0,0,0,185,187,187,0,0,0,0,0,0,181,183,0,0,0,0,200,0,187,184,0,0,0,0,193,0,188,184,0,0,0,0,0,0,180,185,196,0,0,0,0,186,186,186,199,193,186,191,186,187,184,189
2026-06-28T15:41:50.355,205,195,197,0,195,192,192,192,201,0,0,0,0,198,189,191,0,0,0,0,0,0,186,187,0,0,0,0,211,0,181,190,0,0,0,0,209,198,189,186,0,0,0,0,0,0,186,192,196,0,0,0,0,188,189,190,199,197,195,189,193,191,189,191
2026-06-28T15:41:50.452,212,208,205,203,202,200,200,201,211,210,0,0,0,201,196,198,223,0,0,0,0,0,193,197,0,0,0,0,217,0,193,201,0,0,0,0,218,210,202,197,212,0,0,0,0,0,191,201,205,204,0,0,0,195,197,196,208,205,201,203,200,203,196,201
2026-06-28T15:41:50.552,231,215,218,212,211,211,211,210,220,221,0,0,210,213,204,210,223,0,0,0,0,0,206,208,232,0,0,0,225,0,209,208,232,0,0,0,225,0,209,205,222,0,0,0,0,218,211,209,216,211,0,0,216,212,209,207,222,220,212,214,207,211,205,213
2026-06-28T15:41:50.650,230,224,222,221,218,217,218,218,226,226,233,0,228,218,216,215,227,0,0,0,0,223,214,213,226,0,0,0,231,0,217,217,235,0,0,0,230,224,213,212,226,0,0,0,0,222,215,215,226,220,223,233,221,218,216,215,230,226,222,217,217,217,215,221
2026-06-28T15:41:50.748,235,225,223,220,217,213,219,219,229,225,227,0,221,214,216,214,229,0,0,0,0,220,214,214,234,0,0,0,0,0,213,214,230,0,0,0,238,0,221,214,229,0,0,0,0,223,217,216,230,225,224,225,225,217,218,220,232,224,222,216,217,217,216,220
2026-06-28T15:41:50.847,231,224,226,222,220,216,218,215,228,227,230,0,224,213,213,218,228,0,0,0,0,216,213,213,236,0,0,0,0,0,216,215,225,0,0,0,232,221,215,215,226,0,0,0,0,224,218,215,226,225,229,0,227,219,215,218,231,226,219,222,218,218,215,217
2026-06-28T15:41:50.945,234,221,224,217,217,215,219,218,229,227,231,0,221,215,215,214,226,0,0,0,0,222,212,216,234,0,0,0,237,0,217,213,235,0,0,0,237,0,216,216,223,0,0,0,0,226,213,214,228,223,226,223,225,221,217,218,227,223,222,218,219,216,216,218
2026-06-28T15:41:51.043,233,227,225,226,217,216,221,222,227,223,229,0,228,215,215,218,229,0,0,0,0,222,214,215,224,0,0,0,234,0,214,216,232,0,0,0,237,0,215,215,224,0,0,0,0,222,218,214,225,228,226,228,221,220,218,218,230,228,221,222,220,219,216,218
2026-06-28T15:41:51.142,237,226,222,221,222,219,216,219,227,227,233,0,220,216,213,212,229,0,0,0,0,226,214,213,232,0,0,0,0,0,216,212,233,0,0,0,232,227,211,215,233,0,0,0,0,226,216,217,227,227,229,232,218,217,218,220,233,223,223,225,218,218,213,217
2026-06-28T15:41:51.239,236,225,221,222,219,219,218,216,224,224,230,0,223,218,215,216,227,0,0,0,0,224,213,212,236,0,0,0,234,0,214,215,234,0,0,0,233,232,215,215,227,0,0,0,0,224,219,214,227,226,235,224,219,218,215,218,232,228,219,221,218,220,213,217
2026-06-28T15:41:51.377,228,225,222,223,218,217,220,218,226,226,232,0,219,218,215,214,227,0,0,0,0,226,213,214,234,0,0,0,0,0,214,213,234,0,0,0,234,0,215,217,229,0,0,0,0,221,219,216,228,225,224,0,225,216,216,217,234,223,223,219,215,217,217,217
2026-06-28T15:41:51.465,233,224,224,222,218,218,218,219,226,227,233,0,226,215,214,211,229,0,0,0,0,220,213,215,232,0,0,0,0,0,212,213,228,0,0,0,228,0,221,214,230,0,0,0,0,222,211,214,226,229,227,234,219,220,218,216,230,223,220,220,220,216,218,218
2026-06-28T15:41:51.560,231,223,222,224,216,217,219,220,229,226,231,0,221,223,211,216,231,0,0,0,0,220,216,214,234,0,0,0,229,0,219,215,234,0,0,0,237,0,219,213,228,0,0,0,0,224,213,215,231,221,224,231,221,221,214,216,228,223,224,221,218,221,216,218
2026-06-28T15:41:51.649,232,224,225,222,217,216,217,215,225,218,231,0,222,217,217,218,228,0,0,0,0,220,214,215,237,0,0,0,234,0,213,216,234,0,0,0,238,0,218,212,226,0,0,0,0,226,215,215,225,227,225,0,223,212,214,217,231,222,220,220,216,215,214,216
2026-06-28T15:41:51.750,227,226,222,223,218,217,217,219,230,225,231,0,220,218,214,216,228,0,0,0,0,223,216,214,235,0,0,0,0,0,217,216,232,0,0,0,232,0,219,214,230,0,0,0,0,222,217,215,223,228,231,0,225,219,215,217,232,226,218,223,219,217,212,215
2026-06-28T15:41:51.884,233,223,224,225,218,220,219,219,228,225,234,0,228,218,216,214,227,0,0,0,0,219,216,215,231,0,0,0,234,0,215,213,232,0,0,0,234,0,227,212,229,0,0,0,0,222,213,214,228,224,225,229,225,217,219,216,232,227,222,223,216,216,216,220
2026-06-28T15:41:51.929,236,226,222,224,222,214,219,217,225,230,238,0,220,220,214,215,229,0,0,0,0,225,218,220,235,0,0,0,0,0,216,215,226,0,0,0,226,0,217,215,229,0,0,0,0,224,215,213,227,225,227,234,223,220,215,218,231,225,220,223,219,216,218,216
2026-06-28T15:41:52.026,233,223,222,226,217,215,218,217,227,226,230,0,222,218,219,214,228,0,0,0,0,218,215,216,230,0,0,0,227,0,218,214,231,0,0,0,236,231,219,218,226,0,0,0,0,220,218,219,226,224,231,0,225,219,218,216,231,223,222,224,216,218,213,218
2026-06-28T15:41:52.154,232,223,219,223,218,220,219,219,228,228,226,0,220,219,214,217,228,0,0,0,0,225,215,218,227,0,0,0,234,0,217,215,235,0,0,0,237,0,216,216,228,0,0,0,0,224,217,214,224,223,227,233,222,218,217,218,228,225,224,224,215,217,215,218
2026-06-28T15:41:52.250,236,225,220,224,221,218,219,216,229,229,233,0,226,219,214,220,228,0,0,0,0,221,211,213,239,0,0,0,235,0,217,215,234,0,0,0,232,227,219,216,230,0,0,0,0,223,216,217,228,223,223,232,228,220,215,218,229,223,222,218,218,217,215,220
2026-06-28T15:41:52.346,237,223,222,223,220,220,222,218,227,228,235,0,219,223,217,222,234,0,0,0,0,221,213,216,234,0,0,0,242,0,217,217,235,0,0,0,235,0,218,218,228,0,0,0,0,230,215,216,227,228,232,0,226,221,218,215,231,223,223,225,217,215,215,220
2026-06-28T15:41:52.443,240,230,227,232,224,227,224,223,237,232,228,0,232,223,223,224,234,239,0,0,0,230,222,222,236,0,0,0,0,0,221,227,241,0,0,0,241,0,225,216,231,235,0,0,0,231,219,225,231,230,235,234,231,223,224,223,239,236,228,226,225,227,223,224
2026-06-28T15:41:52.537,250,243,244,235,236,231,237,237,245,247,238,250,238,241,230,235,247,244,0,0,0,247,231,235,244,0,0,0,256,248,225,233,247,0,0,258,247,239,231,234,241,246,0,0,0,242,233,234,246,236,240,242,245,235,237,233,243,244,236,240,235,235,234,237
2026-06-28T15:41:52.634,259,248,248,248,245,246,241,242,252,250,247,246,246,242,239,241,252,251,0,0,0,246,245,238,251,258,0,0,252,252,239,242,257,262,0,0,260,250,243,242,253,253,0,0,0,251,242,242,252,249,248,248,248,246,241,242,248,250,245,247,244,244,242,246
2026-06-28T15:41:52.730,262,258,254,251,246,248,247,247,255,254,252,252,249,249,241,244,260,254,0,0,0,251,247,248,257,260,0,0,0,251,244,242,260,261,0,0,262,259,249,242,254,255,0,0,0,249,246,246,262,253,253,255,250,247,246,240,255,255,252,249,248,247,245,246
2026-06-28T15:41:52.821,264,252,256,248,244,248,247,249,254,256,250,253,250,247,244,247,255,256,0,0,0,253,244,242,256,260,0,0,269,254,246,241,257,257,0,0,266,253,243,244,258,258,0,0,0,252,244,243,259,253,256,249,250,246,245,245,262,257,254,249,249,249,244,247
2026-06-28T15:41:52.938,260,246,254,253,247,248,249,243,257,256,249,255,248,248,244,245,258,259,0,0,0,249,244,249,253,261,0,271,0,259,248,245,261,267,0,0,253,258,246,240,253,255,0,0,0,250,246,244,255,252,254,248,248,246,242,245,257,258,249,247,247,247,248,245
2026-06-28T15:41:53.022,265,254,255,246,248,248,247,246,256,253,250,252,248,246,242,245,256,258,0,0,0,250,245,244,259,264,0,0,0,255,248,242,262,261,0,0,258,258,250,246,256,260,0,0,0,249,244,247,257,256,255,250,250,247,244,242,259,257,252,247,248,248,242,246
2026-06-28T15:41:53.125,258,252,252,255,242,245,245,246,254,253,249,253,248,247,245,244,259,258,0,0,0,248,241,243,259,262,0,0,0,259,247,248,259,268,0,0,264,251,248,244,255,256,0,0,0,252,247,241,260,252,251,250,251,246,245,243,261,257,247,249,246,247,246,249
2026-06-28T15:41:53.221,265,255,253,252,247,243,243,248,253,253,251,252,252,247,243,246,256,255,0,0,0,252,244,243,256,262,0,0,266,256,246,244,260,263,0,0,263,256,246,242,258,254,0,0,0,248,245,241,256,253,252,259,252,248,247,248,255,255,251,249,246,245,246,246
2026-06-28T15:41:53.315,263,259,256,251,248,246,247,247,258,253,254,253,247,249,243,242,259,258,0,0,0,246,245,245,256,264,0,274,267,259,245,245,263,263,0,0,265,255,248,241,258,250,0,0,0,246,243,244,258,256,254,250,250,244,248,245,257,257,249,248,248,248,243,245
2026-06-28T15:41:53.412,261,252,253,246,249,248,245,245,262,253,253,254,247,248,244,242,256,253,0,0,0,248,248,245,255,269,0,269,0,254,249,245,262,268,0,0,264,258,244,244,257,254,0,0,0,256,248,244,257,253,251,251,255,249,245,245,255,255,251,252,249,244,247,246
2026-06-28T15:41:53.509,260,249,252,256,248,247,243,243,258,250,252,253,250,243,245,248,253,256,0,0,0,246,243,245,259,264,0,0,0,0,249,246,259,258,0,0,263,255,246,241,259,259,0,0,258,251,244,245,255,253,253,251,248,244,247,244,257,254,246,251,250,245,245,247
2026-06-28T15:41:53.609,266,255,254,252,250,248,246,247,254,252,253,251,249,246,246,240,259,258,0,0,0,249,246,247,257,261,0,0,264,262,246,246,256,261,0,0,267,255,245,242,258,255,0,0,0,251,243,245,257,253,251,255,252,249,246,245,255,255,250,250,248,249,244,247
2026-06-28T15:41:53.701,265,260,249,249,244,247,245,248,258,253,252,255,252,244,242,244,255,253,0,0,0,254,249,244,253,264,0,0,260,255,246,244,255,268,0,268,266,254,246,244,257,258,0,0,0,253,247,245,257,256,251,253,246,244,246,247,257,256,251,253,248,245,248,246
2026-06-28T15:41:53.803,269,256,253,253,247,249,247,245,256,255,253,251,251,246,243,241,255,254,0,0,0,249,244,243,260,261,0,0,0,263,248,244,257,263,0,0,265,253,248,245,257,259,0,0,0,249,247,247,255,256,251,254,250,249,247,243,256,257,252,256,246,250,247,246
2026-06-28T15:41:53.910,263,256,257,251,253,248,246,247,255,255,252,256,251,249,243,246,258,259,0,0,0,246,248,246,258,260,0,0,268,259,247,247,260,264,0,0,260,253,244,245,259,256,0,0,0,247,246,244,261,252,253,254,251,245,246,245,257,256,253,247,247,245,246,247
2026-06-28T15:41:53.994,262,255,252,250,246,247,249,242,256,256,253,255,251,251,242,244,259,257,0,0,0,255,245,246,258,264,0,0,0,254,246,243,255,261,0,0,267,256,250,244,256,254,0,0,0,252,246,244,257,252,251,253,250,248,248,245,259,258,250,249,246,247,246,249
2026-06-28T15:41:54.092,269,249,253,250,247,247,248,249,257,254,256,255,246,248,246,246,256,255,0,0,0,253,242,246,258,267,0,0,273,252,247,244,262,257,0,0,264,252,248,241,258,255,0,0,0,248,245,244,258,252,251,257,251,250,248,246,259,254,253,252,248,246,247,249
2026-06-28T15:41:54.191,259,251,251,249,252,246,244,246,255,257,255,256,250,249,243,241,261,262,0,0,0,253,246,244,255,258,0,0,256,257,248,242,256,261,0,0,261,259,247,242,257,256,0,0,0,251,246,244,256,253,253,252,249,247,245,244,257,255,252,250,248,245,245,245
2026-06-28T15:41:54.290,263,256,253,252,247,248,245,246,254,256,261,252,247,247,247,243,254,258,0,0,0,249,245,245,254,260,0,0,0,257,241,246,261,260,0,0,262,260,251,243,251,254,0,0,0,250,247,245,255,253,250,253,257,246,243,246,260,258,251,251,246,247,243,246
2026-06-28T15:41:54.388,269,254,255,255,249,249,251,250,263,260,256,257,249,254,247,249,259,253,0,0,0,254,245,248,259,264,0,0,0,266,250,250,262,259,0,0,268,256,248,247,258,260,263,0,0,263,246,250,258,259,257,256,252,252,247,246,258,256,256,256,251,250,250,249
2026-06-28T15:41:54.486,269,262,265,261,260,259,261,253,264,269,264,270,258,266,257,253,265,266,272,0,0,260,257,254,266,273,0,0,273,262,253,259,267,267,0,277,276,265,257,256,264,270,270,0,266,264,253,261,266,265,267,263,259,257,256,257,268,269,263,265,258,259,255,258
2026-06-28T15:41:54.619,283,278,272,270,269,269,269,271,282,273,273,276,270,271,266,264,278,274,275,0,279,272,265,267,278,278,0,0,0,277,266,269,279,273,0,0,283,274,272,268,275,277,284,0,284,271,267,270,282,271,275,274,275,273,268,263,281,277,270,276,268,273,266,269
2026-06-28T15:41:54.714,293,282,282,279,271,275,273,271,283,278,278,275,279,277,273,273,280,278,288,0,283,275,276,273,283,285,0,0,278,281,271,274,285,284,0,292,291,278,274,272,280,280,284,0,285,275,273,275,285,283,276,277,277,277,269,271,291,281,280,278,273,275,269,271
2026-06-28T15:41:54.815,289,281,284,278,273,274,274,272,289,281,281,280,277,279,273,273,288,285,284,0,285,273,273,274,283,284,0,0,290,279,275,276,285,280,0,0,288,287,274,270,282,281,283,288,280,281,279,271,287,284,280,275,280,281,273,275,287,284,279,274,276,276,271,274
2026-06-28T15:41:54.914,285,282,282,281,275,275,275,274,286,284,278,282,275,278,274,272,288,282,282,0,283,275,273,271,283,284,0,0,296,285,272,276,287,285,0,296,292,283,276,272,285,288,279,296,283,279,275,273,283,281,277,274,274,280,272,271,284,284,284,275,275,277,273,274
2026-06-28T15:41:55.003,293,280,278,278,276,277,273,270,287,283,280,279,275,275,274,274,286,284,283,0,285,278,271,271,284,288,0,0,0,283,273,273,287,282,0,292,282,280,277,275,286,280,287,282,280,279,277,275,288,281,280,279,276,274,274,273,288,279,279,277,276,274,273,275
2026-06-28T15:41:55.104,284,285,281,281,272,273,271,274,281,283,278,277,275,274,270,271,288,279,287,0,290,275,277,269,285,282,0,0,300,283,273,274,286,283,0,0,288,277,281,273,284,284,284,282,289,276,274,278,288,282,283,277,280,275,274,269,286,277,276,278,276,273,274,274
2026-06-28T15:41:55.199,287,283,285,276,278,275,277,276,284,280,280,278,272,277,273,270,286,284,279,0,283,281,276,269,284,285,0,297,282,282,274,274,286,283,0,287,295,284,277,272,283,283,283,289,289,280,274,274,286,281,278,275,281,277,276,274,284,280,280,277,277,278,272,276
2026-06-28T15:41:55.290,288,284,284,279,275,276,270,275,291,286,280,281,281,276,272,270,289,283,287,0,283,275,274,273,283,283,0,0,288,284,270,277,288,286,0,0,292,282,273,271,283,280,279,0,289,281,274,272,289,278,283,287,278,282,271,273,289,281,284,277,277,273,275,272
2026-06-28T15:41:55.379,294,282,283,278,278,272,273,274,286,280,282,273,280,274,276,272,285,282,285,0,289,273,274,269,285,283,0,0,0,284,276,276,284,286,0,0,290,286,279,271,279,281,287,296,285,278,274,275,282,283,278,280,276,276,271,269,287,285,282,279,278,276,276,274
2026-06-28T15:41:55.475,289,285,281,281,275,273,270,273,286,280,279,281,279,274,271,269,285,285,280,295,288,274,276,274,285,285,0,0,294,277,272,273,285,287,0,0,288,281,278,270,284,285,286,286,283,280,275,273,283,277,278,281,276,272,274,273,287,288,279,276,276,272,275,270
2026-06-28T15:41:55.574,292,284,279,275,279,274,275,274,288,285,280,285,280,276,272,273,285,285,283,0,284,277,271,271,285,288,0,297,292,284,271,274,283,286,0,0,289,284,275,276,284,280,281,0,293,273,273,273,284,277,285,283,277,275,274,272,289,286,280,277,277,275,275,272
2026-06-28T15:41:55.667,285,287,285,279,277,276,273,274,287,285,281,280,279,274,268,279,285,288,283,0,288,277,276,272,286,287,0,0,300,281,275,273,284,284,0,0,289,279,277,273,284,284,289,291,289,281,275,275,283,283,280,282,277,283,272,269,284,282,284,281,278,275,273,276
2026-06-28T15:41:55.767,291,287,281,277,278,274,275,274,284,282,280,280,281,276,272,273,287,282,283,0,291,277,274,272,284,291,0,0,293,282,273,270,287,281,0,0,294,275,275,270,282,281,291,284,286,278,274,270,282,278,280,282,281,278,273,272,292,281,280,278,276,279,272,272
2026-06-28T15:41:55.865,282,286,283,278,275,277,275,276,290,277,283,282,280,272,271,273,293,281,287,0,284,273,274,273,280,285,0,295,304,279,275,274,286,282,0,0,292,281,274,271,284,284,290,289,292,281,275,271,287,282,284,278,278,276,274,270,288,289,281,277,276,274,273,275
2026-06-28T15:41:55.961,291,284,281,282,281,274,277,275,288,281,277,282,275,275,274,272,288,284,277,296,286,273,273,273,290,284,0,0,288,283,274,271,285,281,0,290,290,277,279,271,283,285,286,285,291,279,274,274,287,278,279,277,274,275,274,272,285,286,280,278,274,274,271,278
2026-06-28T15:41:56.063,289,286,282,283,275,275,273,273,284,280,279,279,277,277,272,272,288,283,283,0,288,278,274,271,291,284,0,0,290,276,275,273,285,284,0,0,293,289,277,268,288,282,289,0,284,277,273,273,287,278,282,281,284,275,276,272,284,282,278,281,276,280,275,276
2026-06-28T15:41:56.160,294,278,281,279,279,277,272,276,283,282,279,279,279,274,271,271,285,281,283,0,285,276,273,274,283,282,0,295,296,285,273,273,287,283,0,0,293,282,274,271,287,280,287,0,292,282,275,272,284,280,281,277,277,275,276,272,284,282,279,279,279,276,274,271
2026-06-28T15:41:56.258,289,282,287,280,275,273,275,275,283,280,277,280,281,279,274,272,284,284,289,0,281,281,276,274,287,281,0,0,295,285,273,273,286,281,0,0,290,278,275,273,287,284,286,286,287,274,277,273,288,280,283,277,282,276,274,271,285,285,277,287,278,275,274,274
2026-06-28T15:41:56.359,288,286,283,277,274,274,275,271,288,285,280,278,279,279,271,277,282,284,290,287,282,277,276,272,282,285,0,299,0,281,270,278,288,282,0,295,292,286,276,271,289,283,287,293,287,281,278,278,286,282,283,278,278,276,273,274,289,286,279,280,274,281,272,280
2026-06-28T15:41:56.454,296,288,290,287,283,284,285,285,293,292,286,285,281,287,278,278,291,286,288,293,287,286,277,276,290,291,0,0,298,291,282,282,295,293,0,0,296,284,287,280,292,291,290,289,293,288,281,277,294,288,285,286,286,285,281,280,293,294,283,286,282,282,277,285
2026-06-28T15:41:56.551,308,299,298,298,296,293,289,293,300,304,299,301,291,292,290,290,305,300,298,300,297,294,291,287,303,303,314,0,0,302,290,291,304,302,0,309,303,291,294,287,302,302,298,301,299,299,286,295,298,295,295,294,292,292,295,292,302,304,296,299,290,294,290,296
2026-06-28T15:41:56.651,315,308,304,305,307,304,300,297,309,308,304,307,299,302,300,298,311,306,305,314,307,304,301,296,308,310,306,0,318,307,293,301,312,307,319,317,318,301,298,295,306,310,313,302,304,306,293,300,309,301,307,306,303,300,300,297,308,311,308,308,302,302,296,298
2026-06-28T15:41:56.749,318,317,309,307,305,302,304,301,319,313,309,310,309,305,303,303,313,313,316,316,317,309,303,301,316,315,313,320,0,307,298,300,318,312,320,0,316,308,302,300,309,313,314,313,310,302,297,302,315,310,310,307,302,308,300,304,319,311,306,306,303,302,300,300
2026-06-28T15:41:56.848,314,315,309,312,306,309,306,304,309,311,308,308,306,305,298,301,313,307,305,316,309,303,301,298,313,310,319,0,312,308,305,304,311,312,321,319,317,312,303,302,312,312,313,314,314,305,295,301,315,311,308,307,307,305,301,302,327,311,311,311,302,305,297,302
2026-06-28T15:41:56.946,317,313,312,305,303,305,303,303,315,309,308,313,307,305,301,302,316,311,312,311,312,302,301,298,315,313,320,0,315,306,303,299,316,314,320,322,323,311,300,299,312,311,314,318,312,305,301,301,315,309,313,312,308,303,303,298,317,317,309,307,307,306,300,304
2026-06-28T15:41:57.044,319,317,309,307,308,305,307,305,313,308,313,310,306,310,300,297,317,312,312,316,312,302,302,303,315,308,318,323,0,311,302,296,316,314,320,315,321,307,303,301,310,310,313,307,315,302,304,301,317,309,313,311,305,304,299,300,321,309,306,303,307,306,303,300
2026-06-28T15:41:57.142,326,311,309,308,304,303,307,307,317,310,310,311,309,308,301,301,310,309,311,309,316,307,307,303,317,314,309,0,326,313,303,299,322,310,318,322,317,307,302,301,312,313,310,309,313,304,300,302,314,312,311,311,309,300,304,297,321,318,309,310,309,306,298,297
2026-06-28T15:41:57.241,323,316,312,308,307,304,307,303,312,312,308,307,309,306,301,299,315,311,305,300,303,302,302,302,315,312,308,0,322,309,305,304,319,314,317,0,311,307,306,303,309,316,307,316,314,303,301,303,316,311,309,308,308,300,304,298,315,311,310,305,310,308,305,302
2026-06-28T15:41:57.380,327,322,312,309,306,304,303,297,319,308,306,309,307,310,303,305,318,311,306,314,307,305,303,296,316,317,315,0,0,301,300,300,315,310,312,0,317,306,304,298,312,314,312,312,316,311,303,301,316,309,305,311,309,304,303,299,318,315,312,309,309,302,301,298
2026-06-28T15:41:57.471,332,313,309,307,306,306,303,300,318,314,308,311,300,306,302,299,310,314,308,319,314,304,303,299,311,315,313,318,0,307,305,303,315,315,321,0,312,309,300,299,307,306,318,313,311,306,300,303,316,310,308,309,311,303,300,299,314,313,306,310,306,310,304,304
2026-06-28T15:41:57.569,314,316,308,306,305,306,302,306,314,313,313,310,307,307,303,304,315,310,313,317,311,303,305,303,317,313,311,319,320,307,304,302,314,312,314,325,318,313,296,299,310,311,312,313,306,305,302,301,315,308,310,307,307,307,301,302,319,312,310,308,308,310,305,300
2026-06-28T15:41:57.652,319,314,309,305,306,304,308,304,316,314,308,308,310,304,304,300,317,316,314,313,309,304,302,301,313,313,310,0,324,311,301,297,318,312,320,330,313,312,304,302,311,316,313,316,307,302,298,303,311,312,316,312,307,302,299,302,314,312,310,307,305,305,305,302
2026-06-28T15:41:57.741,324,313,314,305,301,303,305,305,317,310,304,309,310,308,301,301,314,311,311,311,306,306,301,303,311,314,308,329,327,305,303,296,311,310,306,0,315,305,301,300,313,313,315,309,315,307,299,305,310,311,313,309,310,306,302,304,320,310,309,308,306,304,300,304
2026-06-28T15:41:57.850,326,314,310,310,304,305,305,303,313,308,313,306,309,304,298,301,318,312,311,314,311,309,306,301,319,313,319,0,0,315,301,303,314,313,312,0,309,308,306,298,312,313,315,318,308,302,302,302,313,310,312,309,313,305,303,297,318,311,309,307,306,308,304,300
2026-06-28T15:41:57.950,315,311,313,311,304,305,304,304,317,312,306,304,312,300,303,302,311,312,312,311,311,306,303,301,315,314,317,0,318,312,300,299,317,313,312,317,314,309,303,301,315,310,318,315,309,303,299,298,308,314,308,309,309,301,298,304,320,313,309,309,305,304,302,299
2026-06-28T15:41:58.040,310,320,313,309,305,303,303,303,316,307,313,310,305,303,301,303,312,311,312,316,311,300,300,299,311,316,311,0,309,303,306,307,313,310,312,0,314,306,300,300,312,310,314,313,311,305,301,300,314,314,310,313,303,306,301,302,320,314,311,308,306,305,304,304
2026-06-28T15:41:58.136,318,319,312,306,306,302,306,308,315,312,308,310,306,306,303,302,312,316,308,309,309,303,303,297,314,316,314,323,0,303,300,299,315,314,316,321,327,304,302,303,314,310,313,318,314,300,297,303,317,313,312,308,308,302,302,300,320,312,312,310,308,306,301,305
2026-06-28T15:41:58.232,314,323,311,305,308,301,303,312,316,312,309,304,311,308,303,299,313,313,313,317,308,304,303,301,313,315,312,0,323,306,298,304,311,311,321,324,317,307,303,303,317,311,315,307,311,305,299,302,311,308,307,308,305,304,300,303,314,310,307,309,304,305,300,299
2026-06-28T15:41:58.328,313,311,306,306,306,305,304,304,313,313,310,308,307,303,305,301,312,307,311,314,312,305,302,300,314,308,309,0,315,310,301,304,313,318,319,0,317,310,306,298,313,309,308,313,313,302,305,301,311,313,311,304,310,305,302,304,316,308,310,307,306,305,299,303
2026-06-28T15:41:58.430,326,321,310,315,304,311,303,307,318,314,310,314,310,310,306,300,320,315,315,318,314,310,304,301,314,318,315,0,318,308,301,302,316,314,320,0,325,305,308,305,317,320,317,316,311,308,300,303,315,315,313,312,313,306,309,305,315,320,306,313,306,308,307,306
2026-06-28T15:41:58.525,328,326,324,317,319,316,314,309,319,326,319,321,314,317,308,317,327,324,323,322,316,313,312,309,318,323,329,340,330,331,312,316,332,323,325,0,336,316,316,310,323,325,324,324,316,319,313,309,327,320,320,317,317,314,314,310,326,330,319,323,314,320,310,317
2026-06-28T15:41:58.622,348,326,333,332,328,326,322,334,339,332,330,330,329,326,323,326,339,325,329,329,328,329,323,327,337,334,335,0,0,330,316,324,338,335,336,0,337,333,322,326,331,337,333,330,332,322,322,318,343,335,332,337,329,325,323,324,343,339,334,333,327,326,325,325
2026-06-28T15:41:58.716,347,344,337,338,337,333,331,330,347,340,339,343,333,336,327,333,342,338,340,339,333,330,324,324,346,352,340,0,0,331,328,330,347,344,342,0,342,340,329,328,336,339,336,334,334,332,327,332,345,339,342,340,337,329,327,326,351,343,339,336,335,333,331,335
2026-06-28T15:41:58.815,344,340,343,336,337,333,335,336,351,342,340,334,333,333,330,334,343,347,344,342,331,330,333,331,348,345,338,0,344,336,328,331,343,340,344,0,349,332,331,329,344,344,346,342,338,334,330,329,345,342,342,336,334,331,331,331,342,340,333,333,333,332,330,332
2026-06-28T15:41:58.913,348,343,342,338,333,332,330,333,345,343,338,337,334,334,330,330,348,341,340,336,333,330,330,328,346,340,339,352,344,332,327,331,344,342,345,0,339,336,327,329,344,340,337,344,336,334,329,329,351,344,337,334,339,332,333,326,336,345,338,336,333,334,331,331
2026-06-28T15:41:59.023,353,349,342,333,339,336,329,333,348,347,346,331,336,337,332,334,347,341,340,335,335,336,327,333,342,339,341,351,346,336,330,333,344,342,347,354,350,332,331,326,344,343,343,346,342,331,329,325,342,340,338,337,332,334,331,329,350,341,340,336,332,334,332,330
2026-06-28T15:41:59.110,352,338,342,338,334,329,334,332,345,342,342,339,334,330,332,331,345,346,343,340,334,333,328,326,343,345,334,0,343,338,326,330,345,341,339,0,342,335,331,333,343,342,344,341,345,335,330,327,345,344,337,339,333,334,333,326,349,348,336,336,337,332,333,333
2026-06-28T15:41:59.209,347,346,341,336,337,337,333,332,350,342,339,338,335,334,331,328,345,349,336,346,344,329,335,326,344,341,339,349,339,340,326,329,344,341,341,0,344,328,330,324,345,339,342,339,343,333,331,330,350,340,339,336,334,330,331,328,355,335,338,340,335,331,333,330
2026-06-28T15:41:59.307,347,351,336,336,336,331,332,327,343,345,341,339,338,335,332,332,349,343,340,338,334,331,325,326,346,342,345,0,339,337,329,327,344,334,344,0,346,339,331,326,347,340,340,340,340,332,328,328,339,339,338,342,336,331,331,329,348,343,341,342,329,333,335,330
2026-06-28T15:41:59.405,346,342,341,338,339,337,333,330,344,345,336,339,334,334,331,328,346,344,342,340,336,332,331,329,343,345,337,0,344,334,333,333,346,342,336,0,347,331,333,330,343,342,343,345,340,339,333,330,341,342,336,335,334,341,330,332,342,343,340,337,334,339,331,333
2026-06-28T15:41:59.541,353,341,340,338,334,333,333,332,344,342,342,339,333,332,334,326,345,341,336,339,344,334,332,325,345,341,343,0,338,334,332,330,344,338,339,357,350,332,331,327,343,344,339,341,345,334,327,331,348,340,340,337,335,334,332,331,345,340,340,335,335,336,329,330
2026-06-28T15:41:59.642,348,347,337,334,334,336,329,329,352,342,336,337,333,337,331,331,343,340,338,339,341,333,328,330,346,337,340,0,0,339,332,331,343,343,340,0,350,330,332,332,341,341,342,343,339,326,328,329,345,341,342,336,333,332,328,331,347,344,335,334,336,337,330,327
2026-06-28T15:41:59.747,350,346,343,336,337,334,329,335,345,341,336,334,328,339,323,330,342,337,341,334,342,329,332,328,342,342,343,0,347,335,327,327,348,339,345,346,342,335,330,330,344,340,339,333,338,331,326,329,347,342,342,343,333,329,333,330,347,345,341,334,338,334,334,329
2026-06-28T15:41:59.835,355,346,337,341,332,334,334,334,348,339,339,339,334,337,331,328,343,345,336,332,336,335,328,327,345,342,338,0,346,333,326,327,344,344,335,0,346,343,330,328,342,342,339,337,336,335,327,327,339,337,339,333,334,332,335,330,351,348,340,343,331,332,331,329
2026-06-28T15:41:59.931,347,348,342,339,338,338,332,333,339,346,341,334,332,334,329,330,346,341,338,338,335,336,331,329,344,341,344,0,337,331,331,327,344,343,342,0,344,332,331,329,341,343,344,340,334,331,328,330,343,341,339,340,335,332,335,331,352,342,338,334,331,333,335,332
2026-06-28T15:42:00.069,347,344,341,341,335,338,334,331,346,341,340,338,331,334,333,331,340,342,338,336,337,332,334,332,340,344,339,0,344,333,326,326,346,342,336,0,347,333,326,324,348,343,340,338,338,331,326,329,347,339,341,339,331,331,336,330,342,339,337,341,336,332,328,328
2026-06-28T15:42:00.100,350,345,342,339,332,333,331,332,345,342,341,337,332,334,331,328,348,341,345,337,339,337,328,326,345,346,339,0,345,335,330,331,348,341,340,0,341,337,334,328,343,341,343,343,342,331,330,330,345,341,335,342,335,335,331,329,350,344,337,340,333,336,332,330
2026-06-28T15:42:00.192,346,344,345,338,334,330,336,339,350,342,338,341,336,332,329,329,348,343,339,335,338,333,329,329,346,346,339,0,344,340,329,332,340,342,341,0,345,337,328,328,339,342,343,341,338,329,332,328,350,337,340,331,336,332,323,331,343,346,340,336,337,333,332,326
2026-06-28T15:42:00.290,347,343,342,335,336,332,331,331,348,340,339,338,334,328,332,333,342,341,341,336,337,339,333,330,345,342,341,0,340,342,332,328,345,341,340,0,346,332,334,329,342,342,335,342,338,333,330,327,345,341,342,334,332,334,332,326,347,339,338,338,334,335,329,330
2026-06-28T15:42:00.390,346,345,342,339,340,336,329,336,345,341,341,335,337,339,333,331,344,346,341,335,332,334,330,332,347,344,339,0,345,340,329,329,345,347,345,0,348,337,331,328,343,336,343,342,340,336,331,333,346,344,339,341,338,332,330,330,349,343,341,340,335,332,332,329
2026-06-28T15:42:00.487,361,348,348,346,342,339,338,340,352,349,347,347,343,341,339,342,356,345,350,353,336,337,334,341,348,352,342,0,348,346,336,339,350,347,346,353,348,342,338,334,348,352,340,346,343,339,340,339,348,346,346,340,338,341,338,336,345,357,345,344,335,341,337,339
2026-06-28T15:42:00.585,373,357,361,358,355,355,353,345,363,360,355,359,351,352,349,349,366,355,364,355,358,348,348,345,361,361,351,364,366,355,348,347,362,361,358,367,360,360,346,345,361,361,356,361,355,356,347,347,364,357,358,362,355,351,347,351,364,359,355,359,351,346,348,354
2026-06-28T15:42:00.683,377,369,365,363,361,354,356,360,370,370,366,367,353,361,353,357,375,362,361,361,361,364,357,352,375,369,368,370,364,364,352,352,376,366,370,376,368,363,361,352,370,372,362,364,362,359,354,357,374,368,363,365,359,361,355,354,367,372,360,368,356,357,356,359
2026-06-28T15:42:00.783,379,372,376,367,364,361,366,367,369,370,371,365,366,362,363,355,380,371,372,363,367,358,356,363,375,379,368,383,371,365,364,360,372,366,373,385,378,365,358,357,371,375,367,369,373,365,361,350,375,373,367,366,361,367,358,363,381,370,369,369,363,363,358,366
2026-06-28T15:42:00.923,385,368,364,368,363,366,363,360,373,371,373,368,366,362,358,356,377,372,370,368,368,358,357,356,371,377,367,375,374,364,359,361,374,371,372,379,380,362,353,359,374,372,369,372,367,363,358,356,375,372,365,368,364,365,360,358,375,372,369,368,369,363,356,364
2026-06-28T15:42:01.031,382,374,367,368,364,362,367,360,376,376,371,368,364,362,359,360,378,377,369,373,366,365,362,355,372,371,374,372,376,365,358,356,381,372,368,381,375,361,360,356,376,373,373,374,363,361,358,352,377,369,369,369,360,368,360,362,379,371,367,368,365,366,361,359
2026-06-28T15:42:01.129,381,375,371,365,364,363,360,364,374,371,366,364,365,362,359,362,377,371,368,367,366,362,361,357,369,375,368,371,375,362,360,364,372,371,375,371,370,363,355,357,373,369,371,370,374,364,357,356,375,369,371,367,362,367,358,361,373,378,368,361,363,359,365,362
2026-06-28T15:42:01.220,389,375,372,372,368,361,365,364,374,375,361,369,357,364,362,359,376,371,366,361,362,365,357,359,377,364,366,0,375,367,362,357,374,373,375,0,373,364,357,360,375,366,372,375,365,361,359,355,373,373,367,365,362,365,362,359,382,376,370,368,359,363,361,361
2026-06-28T15:42:01.302,381,373,372,366,356,360,361,360,376,378,368,368,366,359,363,360,377,370,368,368,362,362,360,362,377,369,370,371,355,368,361,357,372,371,367,0,372,354,358,360,373,378,368,372,361,364,360,356,370,371,365,361,365,361,361,352,375,381,368,363,362,360,364,366
2026-06-28T15:42:01.410,380,372,370,369,365,363,359,359,371,374,368,364,364,358,360,360,374,372,367,364,368,363,363,358,374,374,368,0,367,365,354,357,380,374,370,0,385,355,362,364,377,373,372,368,369,362,357,358,371,370,368,368,365,358,361,358,372,379,369,368,361,360,361,360
2026-06-28T15:42:01.504,369,376,368,374,364,362,359,362,380,373,369,369,364,364,360,356,374,375,373,370,369,362,361,354,373,370,370,386,374,369,357,351,372,372,372,391,381,369,356,359,375,372,369,374,367,360,359,356,380,374,367,367,365,367,362,356,373,376,372,367,360,367,360,361
2026-06-28T15:42:01.594,376,375,368,367,366,363,359,362,384,375,370,370,363,365,356,360,373,374,370,367,367,363,357,357,376,370,370,374,378,360,360,357,376,371,373,376,369,365,358,357,379,370,375,367,364,365,360,353,374,377,369,369,365,359,358,364,382,372,371,367,363,363,365,359
2026-06-28T15:42:01.685,372,380,367,364,362,361,363,360,376,370,370,368,363,360,361,360,375,376,368,363,368,363,357,358,374,368,371,0,0,364,358,358,372,370,380,376,376,364,358,356,374,374,371,376,364,362,356,353,374,367,371,375,365,360,359,358,380,374,370,366,369,364,361,361
2026-06-28T15:42:01.774,373,368,374,372,368,368,360,365,373,374,367,367,363,361,359,363,378,376,367,365,367,362,359,354,376,373,369,376,370,367,361,357,378,376,369,382,375,362,358,361,374,374,364,373,370,362,356,354,371,373,362,367,361,362,362,364,379,368,367,368,363,362,364,360
2026-06-28T15:42:01.866,372,372,367,370,363,364,365,365,378,369,368,365,367,360,356,359,375,366,373,367,370,360,354,359,375,370,374,379,376,362,370,360,373,370,375,378,369,362,359,354,377,370,374,367,371,361,361,358,370,371,371,366,362,360,357,357,377,372,368,366,364,356,360,362
2026-06-28T15:42:01.969,378,372,371,373,359,364,357,361,371,371,369,371,369,360,362,358,370,373,368,366,364,363,363,362,378,370,370,384,372,363,359,356,379,371,375,375,376,366,358,355,373,372,368,372,366,363,359,363,374,370,371,367,365,362,366,357,375,372,367,364,363,362,356,359
2026-06-28T15:42:02.068,376,376,370,369,368,370,357,360,378,372,371,370,368,362,356,358,373,369,373,364,364,362,356,359,371,375,372,370,361,370,358,356,373,367,371,375,373,360,357,354,372,374,372,366,370,364,360,358,373,370,373,368,370,358,358,358,377,371,367,367,366,367,361,362
2026-06-28T15:42:02.161,374,376,372,367,367,364,363,358,383,377,368,366,361,360,358,361,378,373,367,370,369,360,363,355,376,375,376,378,374,363,359,356,374,368,364,385,383,361,360,359,374,372,368,373,369,360,350,362,374,375,371,365,363,362,359,359,378,373,370,373,363,363,356,363
2026-06-28T15:42:02.260,373,375,375,369,365,367,367,356,379,373,368,365,369,358,361,360,372,369,366,371,370,366,360,356,377,373,370,381,372,368,365,361,378,376,371,373,380,365,359,360,372,375,367,363,373,360,357,358,377,372,369,370,367,362,359,360,381,374,372,369,366,359,363,360
2026-06-28T15:42:02.357,379,377,371,366,366,366,361,360,380,371,371,369,370,367,359,359,384,370,370,360,360,362,366,354,378,374,372,380,368,366,362,356,371,367,368,369,372,366,360,361,378,372,372,372,372,363,359,360,372,372,366,363,362,365,358,359,373,374,370,372,363,365,361,364
2026-06-28T15:42:02.454,380,380,376,371,374,362,365,364,376,376,372,373,367,365,361,365,381,374,378,372,366,364,364,361,379,376,370,387,379,372,361,362,380,377,376,0,383,366,365,360,376,377,369,377,371,367,365,362,381,377,372,368,368,365,365,362,373,375,375,368,362,366,368,362
2026-06-28T15:42:02.553,397,384,382,383,376,370,379,368,386,389,376,379,370,375,367,370,389,383,382,372,387,372,374,369,392,383,381,380,0,379,374,371,386,380,392,379,391,376,372,365,389,380,387,392,380,377,368,375,388,386,382,384,372,368,372,371,392,391,372,382,370,379,369,374
2026-06-28T15:42:02.651,404,397,393,388,389,385,378,377,398,397,393,392,389,388,381,382,399,396,396,384,394,387,384,380,392,398,392,397,383,386,381,378,401,397,389,405,393,384,379,378,393,399,390,395,388,389,382,381,396,397,394,389,390,386,384,381,400,390,392,394,382,383,387,387
2026-06-28T15:42:02.750,404,404,405,394,386,389,392,391,402,400,402,397,397,390,390,393,405,403,400,394,393,386,392,384,400,399,399,412,403,395,389,385,401,407,398,403,405,385,391,387,405,397,399,402,399,387,388,381,401,404,396,396,394,388,386,384,402,405,396,393,395,388,390,392
2026-06-28T15:42:02.848,405,404,407,400,397,398,393,388,412,404,398,391,394,390,391,388,402,399,399,401,399,396,386,388,404,400,396,399,391,392,390,390,403,401,402,400,413,391,392,383,401,403,402,399,394,394,393,386,408,401,400,404,397,391,391,391,404,404,392,403,393,397,392,393
2026-06-28T15:42:02.947,405,405,398,397,391,392,392,390,409,408,399,403,394,389,386,387,408,403,407,398,398,384,392,384,396,405,398,398,410,391,388,386,404,402,397,402,405,392,389,385,404,398,394,398,388,387,384,386,404,402,403,399,393,391,388,390,411,407,396,397,393,398,385,390
2026-06-28T15:42:03.045,409,397,402,396,393,392,390,388,409,403,397,393,397,391,385,388,413,405,401,400,399,391,386,385,404,402,398,410,408,396,389,386,405,400,403,410,409,396,386,386,399,397,401,401,391,393,390,385,402,402,399,396,393,393,383,389,407,408,399,399,393,391,392,394
2026-06-28T15:42:03.144,409,413,400,399,395,397,391,396,411,402,400,403,392,389,386,387,405,397,395,398,397,398,384,385,406,398,400,402,398,394,386,383,407,407,401,405,402,388,384,389,402,407,404,397,399,394,393,385,399,401,394,393,395,390,389,385,409,400,394,406,390,391,388,395
2026-06-28T15:42:03.283,408,400,400,393,391,395,392,392,399,403,393,401,394,388,385,385,409,404,403,403,401,387,390,393,403,407,396,399,387,399,385,382,403,404,399,402,403,394,387,390,403,404,399,402,391,399,387,390,403,404,401,395,398,390,388,389,407,404,392,394,394,398,388,391
2026-06-28T15:42:03.384,415,406,405,398,391,391,395,389,409,407,399,402,399,396,390,385,412,395,400,401,399,393,394,391,405,400,399,393,403,396,390,393,406,399,401,410,395,396,391,386,405,407,403,397,395,393,394,394,406,401,401,394,396,394,392,392,406,403,397,400,395,389,387,386
2026-06-28T15:42:03.461,415,396,398,399,392,392,390,388,407,405,403,398,389,391,383,392,404,401,395,400,395,392,389,385,409,396,400,403,409,394,393,389,410,399,407,409,393,394,394,387,402,404,396,398,397,390,387,385,402,403,397,396,394,395,387,382,413,403,399,400,388,396,390,395
2026-06-28T15:42:03.553,404,410,402,389,396,389,392,392,409,403,403,399,395,391,389,382,408,409,399,400,394,389,391,392,409,398,400,409,404,393,385,391,401,405,398,404,402,394,391,386,402,402,398,403,399,391,394,391,413,399,399,397,397,389,389,382,406,404,400,397,394,391,394,390
2026-06-28T15:42:03.661,416,395,401,399,392,396,390,388,405,400,401,398,394,397,390,390,404,399,403,392,396,393,386,389,403,408,403,410,399,394,387,391,403,401,402,405,396,395,389,387,393,401,398,394,397,388,390,394,401,405,395,397,386,393,388,385,410,402,399,395,394,394,387,394
2026-06-28T15:42:03.742,402,401,404,402,400,398,390,389,412,400,399,394,389,392,392,385,409,403,392,404,400,398,397,389,407,400,405,399,399,389,393,388,408,403,399,404,403,391,385,389,402,396,403,396,394,391,395,383,404,402,399,400,393,389,387,386,407,395,397,397,395,394,393,395
2026-06-28T15:42:03.837,406,412,399,397,395,395,392,392,408,406,396,397,399,388,387,394,407,402,403,402,395,391,387,384,406,406,396,403,402,396,392,384,404,405,401,407,406,395,390,384,407,404,395,395,401,391,389,390,408,400,399,395,396,388,389,390,407,404,395,397,394,392,392,394
2026-06-28T15:42:03.948,406,404,401,399,397,391,391,397,412,399,401,401,397,395,388,387,401,402,402,400,394,399,391,387,402,407,406,404,405,395,388,385,411,401,399,407,410,396,389,387,405,405,394,398,397,390,387,384,413,400,401,397,390,396,388,391,411,406,397,395,396,385,390,388
2026-06-28T15:42:04.044,413,402,397,399,392,392,395,392,413,401,404,397,389,394,388,387,404,405,403,405,392,392,388,386,407,400,399,398,388,387,389,387,399,401,405,403,407,395,391,387,403,406,403,397,396,393,390,387,407,402,400,396,397,393,389,387,400,407,397,392,394,389,386,393
2026-06-28T15:42:04.143,413,401,406,397,391,399,393,385,404,400,401,395,393,392,389,388,402,401,402,392,392,393,391,386,409,407,398,403,408,398,384,384,409,406,402,405,407,394,385,387,405,401,400,394,390,395,390,388,406,402,400,396,393,389,387,386,403,401,401,387,394,394,392,391
2026-06-28T15:42:04.251,406,407,404,394,393,392,393,393,402,399,392,404,396,388,389,385,407,401,399,401,395,392,392,390,410,408,398,407,393,388,392,386,406,407,400,404,409,389,392,383,401,403,400,394,405,392,387,385,403,400,404,392,395,396,393,387,407,401,404,399,397,392,387,396
2026-06-28T15:42:04.339,401,407,398,399,396,391,387,391,413,405,394,402,392,392,391,391,405,404,401,393,396,395,391,390,403,401,405,404,410,390,387,384,405,402,399,403,403,393,389,384,403,405,398,395,399,393,386,390,406,402,404,395,393,392,389,386,402,406,403,398,397,396,387,402
2026-06-28T15:42:04.429,410,403,397,398,396,393,395,395,410,404,397,401,390,392,386,391,401,407,396,399,400,391,389,390,408,403,397,411,401,395,385,389,404,400,399,407,413,398,388,392,405,398,403,400,390,390,390,389,407,397,397,401,392,391,389,392,403,404,398,398,393,390,389,395
2026-06-28T15:42:04.522,417,408,400,395,395,389,392,392,410,410,398,395,389,390,388,390,406,403,395,404,397,393,393,389,403,401,405,411,408,393,389,383,402,402,408,408,410,396,390,390,407,403,393,400,399,383,388,383,404,397,407,397,390,386,384,389,414,403,396,398,399,394,388,392
2026-06-28T15:42:04.624,419,404,400,393,393,389,392,392,409,405,399,395,394,391,385,385,403,405,399,407,399,396,391,386,402,402,400,402,406,393,394,387,413,396,397,401,402,388,388,389,404,401,400,401,399,396,388,389,410,400,397,398,393,390,384,388,409,405,404,395,394,391,390,389
2026-06-28T15:42:04.719,405,405,396,401,400,389,392,390,405,401,398,394,392,393,396,386,409,401,398,401,396,391,391,390,407,406,397,406,403,393,390,386,402,400,403,408,404,390,390,391,407,399,402,407,398,396,391,388,406,403,397,395,389,392,390,384,402,405,395,403,393,387,386,392
2026-06-28T15:42:04.816,413,405,398,395,395,395,392,388,403,410,402,400,392,389,390,383,403,392,397,399,389,389,385,386,407,398,399,407,404,399,396,385,402,403,399,412,403,393,391,389,403,397,396,397,401,391,390,389,406,402,398,400,397,392,395,385,409,401,397,395,391,389,392,391
2026-06-28T15:42:04.915,408,405,400,400,393,392,391,388,403,402,392,400,393,390,390,391,408,406,400,398,391,392,390,385,403,405,388,410,404,397,387,387,408,397,401,424,397,391,387,388,404,401,403,398,399,394,386,389,411,400,396,395,391,393,393,387,416,403,396,401,391,395,394,394
2026-06-28T15:42:05.012,399,400,405,400,395,393,397,392,404,400,401,395,394,391,394,386,402,404,402,402,393,393,391,384,402,400,398,410,406,389,390,387,399,400,409,408,414,395,386,386,403,398,402,402,401,390,385,387,407,397,398,398,391,393,390,391,408,405,403,396,394,390,391,389
2026-06-28T15:42:05.149,413,398,403,400,395,393,392,388,412,402,399,400,393,394,386,387,408,404,398,397,402,394,391,385,408,401,405,401,398,395,390,382,405,401,406,410,397,394,391,394,408,403,396,394,399,392,392,391,402,405,395,398,394,391,383,390,405,402,400,398,395,389,390,387
2026-06-28T15:42:05.257,395,403,402,398,395,395,390,392,404,410,399,397,394,393,392,389,408,403,392,394,399,390,390,393,405,404,397,401,394,394,386,386,408,402,406,415,402,391,388,387,404,400,396,399,392,391,388,384,407,397,403,395,394,397,393,390,411,403,402,396,392,392,387,394
2026-06-28T15:42:05.348,411,406,404,399,400,393,390,393,400,404,400,399,390,387,387,392,408,403,403,400,394,385,389,386,411,405,400,399,394,394,391,390,408,400,403,408,391,387,387,383,408,401,399,401,393,387,393,387,402,404,401,397,393,390,390,388,405,410,399,403,389,387,391,389
2026-06-28T15:42:05.444,405,402,402,401,392,393,390,394,410,402,395,398,398,388,388,392,407,408,396,403,391,389,390,388,400,406,396,404,408,395,391,386,402,405,396,392,402,396,390,379,403,399,397,401,400,388,391,388,407,401,395,404,399,391,388,389,401,406,397,398,395,391,388,388
2026-06-28T15:42:05.526,403,407,399,398,394,392,397,390,408,400,403,398,393,387,385,388,411,399,400,399,392,397,392,392,408,403,403,407,390,395,392,385,402,404,398,397,402,392,392,387,399,403,405,399,397,391,384,389,399,398,401,398,396,390,392,389,409,403,398,397,392,388,387,393
2026-06-28T15:42:05.622,400,400,399,398,394,386,392,387,406,403,399,399,395,392,388,390,410,403,405,393,391,397,389,388,402,403,394,397,394,394,385,392,407,404,400,409,407,387,390,391,404,406,403,400,399,389,386,385,405,395,397,397,389,391,384,390,405,402,400,392,392,395,389,390
2026-06-28T15:42:05.733,409,407,401,399,394,389,389,397,404,410,409,400,394,388,391,388,407,398,393,394,391,391,387,384,401,405,398,414,408,394,391,392,407,401,404,411,406,392,387,384,398,404,396,399,402,392,391,385,410,407,402,397,392,395,392,385,405,404,401,396,392,393,387,391
2026-06-28T15:42:05.814,415,410,405,397,392,390,395,397,409,405,401,399,391,396,388,387,405,405,398,400,397,392,389,385,402,398,398,397,391,391,391,388,407,399,403,409,411,394,393,389,406,402,402,396,399,393,389,386,403,398,396,399,391,393,388,390,408,407,398,401,395,385,385,395
2026-06-28T15:42:05.910,406,398,399,400,397,394,392,392,414,402,398,400,394,391,392,389,404,404,399,400,400,389,390,389,409,406,401,406,398,401,392,387,405,404,398,408,411,393,384,380,410,395,401,398,393,392,395,389,405,405,396,399,392,392,395,385,412,403,401,395,392,393,388,393
2026-06-28T15:42:06.021,414,407,403,400,393,391,391,384,411,397,398,399,394,398,390,387,404,399,400,397,401,390,396,384,403,410,398,413,416,385,387,387,405,395,398,411,399,397,395,384,407,404,404,403,399,384,388,386,405,394,401,398,389,396,392,386,405,407,400,400,397,395,392,395
2026-06-28T15:42:06.133,398,412,398,395,395,388,398,391,404,401,406,394,387,388,391,390,405,404,398,399,394,395,388,390,411,401,398,402,397,391,393,389,403,403,400,399,392,396,391,381,399,403,396,404,401,392,388,387,396,403,398,402,397,392,395,382,408,404,398,401,392,393,391,393
2026-06-28T15:42:06.212,410,402,402,395,394,398,390,387,408,399,401,397,399,390,388,386,400,399,401,401,392,394,389,393,408,394,409,405,398,389,388,391,405,400,401,409,407,393,392,384,403,404,404,396,395,395,388,393,402,400,399,396,390,394,391,385,401,412,401,392,394,394,391,391
2026-06-28T15:42:06.303,405,405,396,400,394,392,391,392,405,404,398,398,398,393,387,386,404,403,402,398,400,386,387,390,398,407,405,410,403,388,391,387,410,409,395,405,411,391,393,390,402,400,400,400,397,390,387,390,411,400,400,393,392,387,394,388,402,395,405,397,391,387,387,402
2026-06-28T15:42:06.395,417,405,393,398,391,393,390,389,413,399,399,402,393,392,388,386,401,400,401,398,395,389,390,386,397,401,401,412,404,388,393,385,404,400,405,406,403,393,389,387,405,402,398,398,407,392,393,386,404,398,401,404,397,390,390,388,407,403,398,400,393,398,383,389
2026-06-28T15:42:06.488,411,403,399,401,396,396,392,393,410,403,403,394,394,393,387,392,405,407,404,398,389,392,393,389,405,405,400,406,403,390,387,389,412,410,403,414,402,397,390,382,405,401,401,407,401,390,386,388,405,408,394,393,390,390,389,390,416,408,395,391,394,390,393,397
2026-06-28T15:42:06.592,405,399,401,399,393,392,391,385,413,403,405,396,390,393,389,390,407,402,400,396,401,398,388,392,402,400,398,399,391,399,385,389,405,404,398,402,403,392,389,387,400,403,400,398,400,389,386,383,400,398,394,392,397,388,391,387,411,399,397,391,393,394,391,395
2026-06-28T15:42:06.687,415,407,397,397,394,396,397,389,412,406,398,395,390,392,381,386,404,404,400,398,394,389,387,380,405,401,396,411,401,392,390,385,409,404,401,401,405,394,393,390,405,403,401,399,403,390,387,383,412,401,400,395,391,390,389,387,404,402,396,405,390,390,389,392
2026-06-28T15:42:06.783,411,406,401,401,391,391,395,392,407,409,398,398,400,392,391,391,410,404,400,400,394,394,387,386,403,402,407,412,401,388,388,384,405,397,393,405,399,400,391,387,404,405,400,398,399,390,390,385,409,400,398,396,400,391,387,389,410,404,399,396,388,394,394,387
2026-06-28T15:42:06.882,416,404,401,400,391,398,394,394,411,402,399,393,391,391,388,388,404,405,402,401,398,395,389,385,404,405,401,408,409,396,389,389,402,400,400,407,408,393,393,384,405,401,398,402,402,389,392,388,413,401,396,394,396,389,389,385,409,399,403,395,395,394,391,394
2026-06-28T15:42:06.980,410,404,397,395,396,394,394,388,406,407,400,394,394,387,390,385,408,397,395,397,398,397,388,388,406,401,400,395,400,391,391,388,410,405,397,416,408,394,391,386,402,404,397,399,392,394,384,391,408,401,395,394,399,390,387,392,410,401,400,398,392,393,387,391
2026-06-28T15:42:07.079,406,413,405,401,395,388,394,393,412,396,401,397,392,385,387,390,402,399,398,393,400,396,390,387,404,406,400,404,406,396,388,383,402,401,402,406,405,396,393,386,407,403,395,403,403,392,391,390,406,407,399,398,397,388,392,390,412,398,400,396,397,392,388,396
