time_s,x_mm,y_mm,z_mm,rx_rad,ry_rad,rz_rad
0.0017,57.147,-508.715,475.010,2.90242,-1.20225,-0.00005
0.0031,57.147,-508.715,475.010,2.90242,-1.20225,-0.00005
0.0054,57.147,-508.715,475.010,2.90242,-1.20225,-0.00005
0.0066,57.147,-508.715,475.010,2.90242,-1.20225,-0.00005
0.0079,57.147,-508.715,475.010,2.90242,-1.20225,-0.00005
0.0094,57.147,-508.715,475.010,2.90242,-1.20225,-0.00005
0.0108,57.147,-508.715,475.010,2.90242,-1.20225,-0.00005
0.0119,57.147,-508.715,475.010,2.90242,-1.20225,-0.00005
0.0130,57.153,-508.716,475.013,2.90240,-1.20224,-0.00004
0.0140,57.153,-508.716,475.013,2.90240,-1.20224,-0.00004
0.0151,57.153,-508.716,475.013,2.90240,-1.20224,-0.00004
0.0162,57.153,-508.716,475.013,2.90240,-1.20224,-0.00004
0.0174,57.153,-508.716,475.013,2.90240,-1.20224,-0.00004
0.0185,57.153,-508.716,475.013,2.90240,-1.20224,-0.00004
0.0196,57.153,-508.716,475.013,2.90240,-1.20224,-0.00004
0.0207,57.153,-508.716,475.013,2.90240,-1.20224,-0.00004
0.0217,57.153,-508.716,475.013,2.90240,-1.20224,-0.00004
0.0228,57.153,-508.716,475.013,2.90240,-1.20224,-0.00004
0.0238,57.153,-508.716,475.013,2.90240,-1.20224,-0.00004
0.0248,57.153,-508.716,475.013,2.90240,-1.20224,-0.00004
0.0257,57.153,-508.716,475.013,2.90240,-1.20224,-0.00004
0.0266,57.153,-508.716,475.013,2.90240,-1.20224,-0.00004
0.0275,57.153,-508.716,475.013,2.90240,-1.20224,-0.00004
0.0284,57.153,-508.716,475.013,2.90240,-1.20224,-0.00004
0.0292,57.153,-508.716,475.013,2.90240,-1.20224,-0.00004
0.0302,57.138,-508.718,475.000,2.90241,-1.20231,-0.00003
0.0309,57.138,-508.718,475.000,2.90241,-1.20231,-0.00003
0.0319,57.138,-508.718,475.000,2.90241,-1.20231,-0.00003
0.0327,57.138,-508.718,475.000,2.90241,-1.20231,-0.00003
0.0335,57.138,-508.718,475.000,2.90241,-1.20231,-0.00003
0.0988,57.156,-508.716,475.013,2.90241,-1.20223,-0.00002
0.1648,57.169,-508.733,474.997,2.90243,-1.20221,-0.00000
0.2291,57.162,-508.738,475.004,2.90240,-1.20222,0.00001
0.2935,57.172,-508.737,475.001,2.90243,-1.20223,0.00001
0.3590,57.161,-508.721,475.010,2.90239,-1.20226,-0.00001
0.4239,57.184,-508.717,475.023,2.90239,-1.20218,0.00006
0.4895,57.172,-508.717,475.032,2.90236,-1.20222,0.00006
0.5549,57.169,-508.699,475.023,2.90240,-1.20226,0.00004
0.6194,57.162,-508.716,475.013,2.90244,-1.20216,-0.00002
0.6854,57.155,-508.708,475.009,2.90242,-1.20229,-0.00001
0.7497,57.157,-508.715,475.009,2.90240,-1.20226,0.00002
0.8148,57.166,-508.727,474.985,-2.90247,1.20217,0.00004
0.8800,57.178,-508.718,475.011,2.90243,-1.20223,0.00003
0.9455,57.170,-508.703,475.020,2.90242,-1.20223,-0.00002
1.0102,57.160,-508.731,475.003,2.90242,-1.20223,0.00002
1.0750,57.174,-508.716,475.009,2.90242,-1.20221,-0.00002
1.1404,57.184,-508.714,475.020,2.90242,-1.20215,0.00001
1.2062,57.168,-508.704,475.022,2.90243,-1.20221,0.00004
1.2704,57.155,-508.705,475.027,2.90240,-1.20224,0.00001
1.3357,57.175,-508.700,475.023,2.90242,-1.20225,0.00007
1.4016,57.181,-508.710,475.019,2.90241,-1.20219,-0.00001
1.4665,57.155,-508.705,475.027,2.90241,-1.20220,0.00001
1.5315,57.182,-508.711,475.000,-2.90244,1.20226,-0.00004
1.5961,57.166,-508.712,475.006,2.90244,-1.20222,-0.00001
1.6616,57.170,-508.715,475.012,2.90241,-1.20229,0.00005
1.7264,57.158,-508.706,475.023,2.90240,-1.20222,-0.00001
1.7922,57.172,-508.697,475.008,2.90242,-1.20229,0.00001
1.8567,57.136,-508.706,475.021,2.90235,-1.20228,-0.00006
1.9220,57.176,-508.712,475.023,2.90242,-1.20221,0.00006
1.9868,57.156,-508.714,475.022,2.90239,-1.20224,-0.00005
2.0526,57.147,-508.702,475.028,2.90238,-1.20228,0.00002
2.1172,57.150,-508.716,475.022,2.90238,-1.20227,-0.00001
2.1826,57.166,-508.712,475.006,2.90244,-1.20224,-0.00001
2.2474,57.172,-508.707,475.010,2.90247,-1.20215,-0.00005
2.3138,57.179,-508.709,474.995,-2.90247,1.20217,-0.00002
2.3780,57.157,-508.690,475.018,2.90240,-1.20226,-0.00004
2.4432,57.168,-508.707,475.027,2.90239,-1.20228,0.00008
2.5083,57.178,-508.698,475.028,2.90242,-1.20219,0.00002
2.5738,57.170,-508.724,475.011,2.90240,-1.20220,0.00001
2.6383,57.153,-508.701,475.031,2.90239,-1.20219,-0.00000
2.7045,57.146,-508.702,475.014,2.90240,-1.20226,-0.00002
2.7688,57.167,-508.714,475.000,-2.90244,1.20226,-0.00006
2.8340,57.179,-508.713,475.013,2.90243,-1.20221,0.00007
2.8990,57.171,-508.700,475.011,2.90245,-1.20222,0.00001
2.9650,57.139,-508.712,475.000,2.90241,-1.20233,-0.00003
3.0299,57.174,-508.706,475.001,-2.90246,1.20222,-0.00002
3.0944,57.148,-508.714,475.019,2.90239,-1.20226,0.00001
3.1600,57.153,-508.717,475.010,2.90240,-1.20224,0.00000
3.2257,57.166,-508.713,475.012,2.90243,-1.20221,-0.00000
3.2898,57.141,-508.715,474.989,-2.90242,1.20227,0.00002
3.3559,57.189,-508.689,475.007,2.90238,-1.20215,0.00010
3.4198,57.164,-508.678,474.880,2.90234,-1.20223,0.00002
3.4863,57.160,-508.678,474.555,2.90231,-1.20213,0.00006
3.5513,57.164,-508.692,474.109,-2.90241,1.20223,0.00005
3.6154,57.162,-508.726,473.559,2.90241,-1.20223,0.00002
3.6815,57.156,-508.687,472.894,2.90245,-1.20224,-0.00009
3.7463,57.143,-508.710,472.075,2.90236,-1.20224,0.00001
3.8111,57.152,-508.682,471.154,2.90227,-1.20222,0.00009
3.8760,57.155,-508.692,470.064,2.90228,-1.20208,0.00005
3.9410,57.162,-508.700,468.816,2.90234,-1.20231,0.00003
4.0067,57.131,-508.762,467.624,2.90236,-1.20235,-0.00002
4.0711,57.137,-508.710,466.743,-2.90236,1.20229,0.00006
4.1365,57.139,-508.710,465.562,-2.90241,1.20228,0.00004
4.2018,57.153,-508.679,464.459,2.90234,-1.20223,0.00005
4.2668,57.225,-508.650,463.323,2.90247,-1.20203,-0.00000
4.3322,57.213,-508.686,462.066,-2.90241,1.20211,0.00004
4.3980,57.216,-508.696,460.848,-2.90225,1.20209,0.00002
4.4623,57.197,-508.688,459.777,2.90244,-1.20210,0.00000
4.5275,57.180,-508.677,458.619,2.90245,-1.20206,-0.00001
4.5932,57.181,-508.684,457.390,-2.90236,1.20219,0.00007
4.6577,57.186,-508.677,456.233,-2.90246,1.20217,0.00000
4.7225,57.150,-508.729,455.092,2.90239,-1.20224,-0.00001
4.7877,57.165,-508.748,454.238,2.90232,-1.20207,-0.00001
4.8530,57.169,-508.752,453.058,2.90229,-1.20213,0.00011
4.9180,57.154,-508.727,451.904,2.90233,-1.20219,0.00003
4.9830,57.171,-508.676,450.713,-2.90243,1.20222,0.00002
5.0489,57.173,-508.666,449.441,-2.90223,1.20222,0.00004
5.1144,57.145,-508.688,448.359,-2.90239,1.20230,0.00002
5.1791,57.153,-508.735,447.198,2.90239,-1.20229,0.00005
5.2434,57.152,-508.704,446.007,-2.90237,1.20222,0.00001
5.3086,57.163,-508.660,444.864,-2.90239,1.20228,0.00005
5.3738,57.158,-508.707,444.024,2.90230,-1.20226,0.00004
5.4396,57.140,-508.711,442.893,2.90212,-1.20226,0.00013
5.5043,57.140,-508.752,441.689,2.90224,-1.20222,0.00012
5.5694,57.140,-508.750,440.419,-2.90243,1.20227,-0.00002
5.6340,57.132,-508.742,439.204,-2.90230,1.20225,0.00003
5.6998,57.141,-508.705,438.203,2.90230,-1.20235,0.00007
5.7643,57.137,-508.671,436.983,2.90239,-1.20232,0.00001
5.8296,57.205,-508.639,435.815,-2.90250,1.20210,0.00004
5.8947,57.247,-508.679,434.605,-2.90250,1.20199,0.00003
5.9601,57.241,-508.715,433.411,-2.90248,1.20191,0.00003
6.0252,57.259,-508.702,432.226,-2.90242,1.20194,0.00004
6.0902,57.217,-508.729,431.407,2.90238,-1.20206,0.00007
6.1551,57.232,-508.710,430.288,2.90235,-1.20192,0.00009
6.2206,57.193,-508.708,429.172,2.90223,-1.20207,0.00012
6.2855,57.152,-508.670,427.964,2.90230,-1.20222,0.00006
6.3511,57.156,-508.685,426.679,-2.90230,1.20221,0.00003
6.4160,57.159,-508.727,425.545,2.90244,-1.20226,-0.00000
6.4817,57.174,-508.714,424.358,-2.90241,1.20220,-0.00000
6.5466,57.138,-508.668,423.168,-2.90223,1.20228,0.00014
6.6116,57.148,-508.706,422.056,-2.90245,1.20224,0.00003
6.6766,57.152,-508.703,420.983,2.90222,-1.20218,0.00007
6.7420,57.156,-508.740,420.086,2.90225,-1.20207,0.00014
6.8066,57.112,-508.750,418.844,2.90224,-1.20238,0.00005
6.8717,57.127,-508.696,417.671,2.90236,-1.20237,0.00004
6.9364,57.165,-508.690,416.526,-2.90242,1.20226,-0.00004
7.0026,57.155,-508.693,415.297,-2.90233,1.20220,0.00003
7.0677,57.197,-508.682,414.116,-2.90234,1.20206,0.00004
7.1322,57.202,-508.686,413.005,2.90245,-1.20215,-0.00002
7.1971,57.198,-508.682,411.821,-2.90248,1.20216,0.00001
7.2623,57.190,-508.718,410.703,2.90240,-1.20212,0.00000
7.3274,57.205,-508.733,409.841,2.90233,-1.20205,0.00008
7.3927,57.181,-508.704,408.604,2.90241,-1.20215,0.00007
7.4580,57.181,-508.697,407.440,2.90247,-1.20219,-0.00005
7.5230,57.167,-508.697,406.264,2.90243,-1.20227,-0.00004
7.5880,57.166,-508.714,405.117,-2.90245,1.20225,0.00001
7.6539,57.180,-508.687,403.886,-2.90233,1.20209,0.00007
7.7183,57.165,-508.708,402.722,-2.90238,1.20216,0.00005
7.7836,57.144,-508.747,401.623,2.90239,-1.20222,-0.00006
7.8484,57.168,-508.709,400.457,2.90230,-1.20221,0.00006
7.9148,57.154,-508.721,399.298,2.90227,-1.20221,0.00002
7.9799,57.165,-508.698,398.118,2.90237,-1.20225,0.00000
8.0444,57.156,-508.697,397.265,2.90240,-1.20224,0.00002
8.1091,57.131,-508.696,396.074,2.90235,-1.20227,-0.00005
8.1745,57.160,-508.720,394.883,2.90240,-1.20220,0.00001
8.2402,57.157,-508.725,393.656,-2.90242,1.20226,0.00002
8.3058,57.155,-508.726,392.452,-2.90231,1.20227,0.00004
8.3698,57.130,-508.756,391.328,-2.90237,1.20227,0.00005
8.4358,57.138,-508.699,390.173,-2.90235,1.20225,0.00002
8.5009,57.134,-508.688,389.014,-2.90237,1.20225,0.00006
8.5649,57.155,-508.666,387.820,-2.90235,1.20218,0.00003
8.6299,57.124,-508.713,387.019,2.90228,-1.20235,-0.00002
8.6957,57.140,-508.698,385.861,2.90231,-1.20231,-0.00000
8.7607,57.135,-508.727,384.675,2.90223,-1.20229,0.00004
8.8256,57.268,-508.726,383.491,2.90244,-1.20188,0.00002
8.8904,57.252,-508.700,382.310,2.90256,-1.20188,-0.00002
8.9564,57.279,-508.731,381.123,-2.90256,1.20183,-0.00002
9.0221,57.240,-508.715,379.908,-2.90237,1.20199,0.00011
9.0862,57.240,-508.688,378.719,-2.90238,1.20196,0.00009
9.1511,57.176,-508.712,377.578,-2.90234,1.20220,0.00002
9.2163,57.175,-508.736,376.469,2.90244,-1.20215,-0.00002
9.2818,57.156,-508.723,375.554,-2.90240,1.20220,0.00003
9.3468,57.156,-508.717,374.431,2.90239,-1.20224,0.00003
9.4116,57.171,-508.684,373.211,-2.90239,1.20220,0.00005
9.4774,57.150,-508.690,372.089,2.90238,-1.20218,-0.00006
9.5418,57.150,-508.746,370.971,2.90224,-1.20213,0.00003
9.6076,57.164,-508.702,369.755,2.90244,-1.20219,-0.00002
9.6734,57.176,-508.742,368.620,2.90230,-1.20210,0.00013
9.7373,57.157,-508.697,367.395,-2.90236,1.20239,0.00002
9.8025,57.166,-508.707,366.199,-2.90237,1.20232,0.00002
9.8678,57.157,-508.719,365.015,-2.90232,1.20227,0.00003
9.9327,57.148,-508.726,363.932,2.90239,-1.20230,-0.00000
9.9979,57.146,-508.699,362.968,-2.90236,1.20219,0.00008
10.0629,57.150,-508.721,361.846,2.90244,-1.20219,0.00000
10.1283,57.135,-508.738,360.656,2.90244,-1.20225,0.00000
10.1936,57.137,-508.741,359.482,2.90242,-1.20227,0.00004
10.2592,57.149,-508.733,358.320,-2.90234,1.20239,-0.00003
10.3232,57.135,-508.700,357.163,-2.90236,1.20237,-0.00000
10.3887,57.128,-508.686,355.979,-2.90232,1.20234,0.00008
10.4534,57.219,-508.700,354.881,2.90245,-1.20202,0.00002
10.5194,57.237,-508.710,353.680,2.90246,-1.20199,0.00004
10.5837,57.239,-508.726,352.822,2.90240,-1.20203,0.00010
10.6492,57.236,-508.668,351.555,-2.90233,1.20205,0.00007
10.7140,57.204,-508.695,350.453,-2.90246,1.20214,0.00006
10.7793,57.198,-508.737,349.287,2.90247,-1.20213,0.00005
10.8445,57.212,-508.716,348.096,-2.90248,1.20208,-0.00001
10.9098,57.184,-508.778,347.001,2.90227,-1.20196,0.00014
10.9747,57.174,-508.736,345.757,2.90239,-1.20225,0.00004
11.0400,57.193,-508.705,344.583,-2.90240,1.20218,0.00001
11.1049,57.174,-508.680,343.405,-2.90236,1.20220,0.00007
11.1704,57.174,-508.699,342.300,-2.90245,1.20222,-0.00004
11.2356,57.147,-508.732,341.423,2.90238,-1.20221,-0.00001
11.3002,57.177,-508.696,340.175,-2.90242,1.20220,-0.00003
11.3657,57.170,-508.719,339.038,2.90239,-1.20230,0.00006
11.4315,57.184,-508.719,337.866,-2.90244,1.20223,-0.00003
11.4962,57.150,-508.704,336.689,-2.90235,1.20230,-0.00003
11.5611,57.154,-508.725,335.554,-2.90243,1.20224,0.00000
11.6259,57.140,-508.727,334.344,2.90243,-1.20223,-0.00005
11.6912,57.147,-508.747,333.198,2.90240,-1.20223,0.00003
11.7567,57.143,-508.739,332.032,2.90236,-1.20225,-0.00000
11.8213,57.143,-508.742,330.891,2.90236,-1.20225,0.00005
11.8869,57.155,-508.721,329.724,2.90241,-1.20233,0.00002
11.9518,57.146,-508.686,328.791,-2.90228,1.20229,0.00000
12.0171,57.153,-508.730,327.709,2.90238,-1.20222,0.00003
12.0821,57.151,-508.702,326.657,-2.90237,1.20225,0.00005
12.1477,57.138,-508.737,325.853,2.90238,-1.20231,0.00003
12.2129,57.152,-508.688,325.079,-2.90233,1.20229,0.00004
12.2777,57.155,-508.700,324.531,-2.90236,1.20233,-0.00005
12.3432,57.159,-508.740,324.100,2.90239,-1.20223,0.00001
12.4077,57.155,-508.718,323.805,2.90238,-1.20226,0.00001
12.4734,57.212,-508.708,323.639,2.90247,-1.20213,0.00008
12.5385,57.220,-508.725,323.633,2.90243,-1.20203,0.00007
12.6029,57.227,-508.735,323.643,2.90240,-1.20195,0.00003
12.6688,57.247,-508.725,323.583,2.90247,-1.20198,0.00004
12.7337,57.231,-508.690,323.548,-2.90250,1.20204,0.00002
12.7985,57.224,-508.717,323.548,2.90249,-1.20213,0.00005
12.8644,57.162,-508.701,323.548,-2.90244,1.20222,0.00006
12.9286,57.185,-508.700,323.537,-2.90241,1.20220,-0.00003
12.9942,57.175,-508.703,323.539,-2.90244,1.20217,-0.00001
13.0591,57.179,-508.698,323.551,-2.90246,1.20218,-0.00000
13.1243,57.169,-508.702,323.562,2.90245,-1.20224,-0.00001
13.1890,57.152,-508.715,323.542,2.90241,-1.20233,0.00001
13.2553,57.176,-508.720,323.554,2.90245,-1.20220,0.00005
13.3194,57.187,-508.685,323.532,-2.90243,1.20215,0.00001
13.3849,57.171,-508.723,323.557,2.90241,-1.20218,-0.00003
13.4494,57.188,-508.694,323.532,-2.90242,1.20217,0.00003
13.5151,57.181,-508.720,323.573,2.90242,-1.20213,0.00003
13.5806,57.182,-508.700,323.521,-2.90239,1.20218,-0.00004
13.6460,57.182,-508.719,323.576,2.90241,-1.20220,0.00003
13.7106,57.153,-508.726,323.571,2.90239,-1.20226,0.00001
13.7764,57.189,-508.709,323.558,2.90247,-1.20215,0.00001
13.8401,57.175,-508.703,323.555,-2.90244,1.20224,0.00001
13.9066,57.172,-508.699,323.558,2.90244,-1.20222,-0.00002
13.9710,57.167,-508.698,323.556,2.90246,-1.20222,0.00001
14.0359,57.167,-508.711,323.529,-2.90245,1.20218,0.00006
14.1019,57.171,-508.689,323.533,-2.90241,1.20222,0.00003
14.1662,57.171,-508.707,323.555,-2.90246,1.20220,0.00003
14.2309,57.169,-508.698,323.562,2.90244,-1.20222,-0.00004
14.2962,57.173,-508.721,323.554,2.90244,-1.20222,0.00007
14.3613,57.168,-508.699,323.534,-2.90245,1.20220,0.00010
14.4266,57.173,-508.699,323.573,2.90244,-1.20221,0.00002
14.4913,57.168,-508.711,323.574,2.90243,-1.20219,0.00000
14.5569,57.156,-508.716,323.577,2.90238,-1.20227,0.00005
14.6230,57.164,-508.695,323.562,2.90242,-1.20229,-0.00001
14.6878,57.185,-508.699,323.549,-2.90245,1.20218,0.00000
14.7521,57.185,-508.699,323.551,-2.90246,1.20218,-0.00004
14.8185,57.175,-508.703,323.564,-2.90244,1.20224,0.00002
14.8823,57.178,-508.705,323.567,2.90245,-1.20222,0.00001
14.9474,57.172,-508.723,323.559,2.90243,-1.20221,-0.00000
15.0123,57.166,-508.715,323.562,2.90246,-1.20220,-0.00005
15.0779,57.189,-508.716,323.588,2.90240,-1.20218,0.00007
15.1429,57.175,-508.728,323.573,2.90239,-1.20223,0.00007
15.2082,57.188,-508.721,323.564,2.90242,-1.20223,0.00006
15.2730,57.171,-508.709,323.551,-2.90243,1.20225,-0.00000
15.3394,57.167,-508.717,323.586,2.90243,-1.20213,0.00001
15.4039,57.182,-508.717,323.572,2.90242,-1.20216,0.00003
15.4688,57.181,-508.702,323.563,2.90243,-1.20221,-0.00000
15.5337,57.180,-508.708,323.537,-2.90247,1.20219,0.00002
15.5991,57.161,-508.733,323.550,2.90233,-1.20219,0.00002
15.6639,57.171,-508.719,323.240,2.90244,-1.20225,-0.00001
15.7300,57.166,-508.706,322.828,-2.90239,1.20219,0.00004
15.7943,57.184,-508.677,322.338,-2.90228,1.20208,0.00008
15.8593,57.179,-508.702,321.963,-2.90241,1.20216,0.00002
15.9253,57.159,-508.728,321.226,2.90244,-1.20226,0.00002
15.9906,57.173,-508.702,320.388,-2.90241,1.20218,-0.00003
16.0555,57.175,-508.682,319.357,-2.90233,1.20214,0.00007
16.1203,57.153,-508.738,318.292,2.90238,-1.20227,0.00008
16.1849,57.171,-508.706,317.072,-2.90240,1.20225,-0.00000
16.2504,57.138,-508.737,315.946,2.90230,-1.20226,-0.00001
16.3152,57.161,-508.708,314.707,-2.90245,1.20221,-0.00003
16.3812,57.151,-508.731,313.636,2.90240,-1.20218,-0.00001
16.4451,57.165,-508.678,312.633,-2.90232,1.20220,0.00007
16.5110,57.150,-508.767,311.589,2.90230,-1.20216,0.00009
16.5754,57.143,-508.723,310.390,2.90232,-1.20228,-0.00001
16.6410,57.154,-508.751,309.264,2.90221,-1.20214,0.00009
16.7057,57.145,-508.698,308.081,2.90234,-1.20226,0.00004
16.7711,57.150,-508.677,306.897,2.90238,-1.20229,0.00002
16.8361,57.157,-508.668,305.782,2.90238,-1.20216,0.00002
16.9013,57.163,-508.655,304.532,-2.90235,1.20228,0.00002
16.9663,57.185,-508.713,303.341,-2.90245,1.20222,-0.00003
17.0316,57.212,-508.679,302.187,2.90251,-1.20205,-0.00002
17.0976,57.224,-508.730,301.425,2.90229,-1.20198,0.00012
17.1622,57.220,-508.655,300.125,-2.90246,1.20208,0.00000
17.2269,57.195,-508.714,299.052,2.90234,-1.20206,0.00001
17.2920,57.191,-508.706,297.802,2.90248,-1.20217,-0.00004
17.3571,57.177,-508.724,296.659,2.90236,-1.20218,0.00002
17.4224,57.178,-508.738,295.488,2.90234,-1.20219,0.00006
17.4873,57.181,-508.721,294.314,2.90239,-1.20211,0.00003
17.5527,57.187,-508.722,293.180,2.90242,-1.20209,0.00003
17.6176,57.170,-508.653,291.903,-2.90227,1.20214,0.00008
17.6834,57.186,-508.697,290.796,-2.90243,1.20222,-0.00007
17.7481,57.176,-508.663,289.560,-2.90230,1.20223,0.00002
17.8141,57.157,-508.754,288.860,2.90219,-1.20212,0.00008
17.8782,57.166,-508.689,287.549,2.90245,-1.20215,-0.00003
17.9433,57.147,-508.741,286.465,2.90232,-1.20215,0.00003
18.0089,57.171,-508.694,285.242,-2.90241,1.20227,-0.00003
18.0744,57.146,-508.690,284.039,-2.90238,1.20229,0.00007
18.1395,57.171,-508.687,282.879,-2.90237,1.20222,0.00003
18.2047,57.172,-508.704,281.714,2.90243,-1.20223,0.00001
18.2688,57.130,-508.746,280.650,2.90227,-1.20221,0.00005
18.3346,57.157,-508.711,279.392,2.90241,-1.20226,-0.00001
18.3993,57.159,-508.687,278.528,-2.90239,1.20222,0.00001
18.4642,57.175,-508.677,277.314,-2.90241,1.20216,0.00005
18.5292,57.170,-508.700,276.194,2.90240,-1.20228,0.00002
18.5947,57.139,-508.722,275.033,2.90235,-1.20225,-0.00003
18.6604,57.164,-508.728,273.849,2.90236,-1.20220,0.00007
18.7248,57.144,-508.744,272.718,2.90231,-1.20225,0.00006
18.7897,57.154,-508.704,271.483,-2.90245,1.20219,0.00000
18.8558,57.155,-508.696,270.310,-2.90234,1.20220,0.00006
18.9202,57.171,-508.704,269.126,-2.90232,1.20226,-0.00002
18.9852,57.138,-508.697,268.001,-2.90239,1.20233,0.00002
19.0509,57.156,-508.762,266.910,2.90229,-1.20215,0.00002
19.1156,57.213,-508.719,265.961,2.90240,-1.20201,0.00010
19.1812,57.210,-508.724,264.837,2.90239,-1.20202,0.00006
19.2466,57.217,-508.648,263.587,-2.90237,1.20208,-0.00001
19.3118,57.212,-508.698,262.465,2.90249,-1.20211,0.00003
19.3768,57.202,-508.712,261.303,2.90240,-1.20212,0.00006
19.4410,57.193,-508.720,260.139,2.90238,-1.20204,0.00008
19.5061,57.202,-508.726,258.978,2.90240,-1.20201,0.00007
19.5720,57.188,-508.721,257.774,2.90243,-1.20212,0.00005
19.6364,57.192,-508.703,256.579,-2.90247,1.20214,-0.00003
19.7019,57.170,-508.679,255.697,-2.90236,1.20221,0.00003
19.7670,57.189,-508.681,254.516,-2.90233,1.20215,0.00003
19.8316,57.166,-508.735,253.374,2.90243,-1.20227,0.00003
19.8969,57.175,-508.721,252.186,-2.90248,1.20216,-0.00000
19.9618,57.169,-508.735,251.082,2.90239,-1.20217,0.00006
20.0273,57.151,-508.735,249.848,2.90240,-1.20216,-0.00001
20.0932,57.161,-508.717,248.687,2.90239,-1.20233,-0.00001
20.1577,57.174,-508.722,247.566,2.90239,-1.20217,0.00004
20.2224,57.180,-508.668,246.377,2.90246,-1.20218,0.00001
20.2879,57.157,-508.731,245.326,2.90226,-1.20215,0.00009
20.3527,57.150,-508.729,244.429,2.90223,-1.20217,0.00010
20.4188,57.167,-508.708,243.163,2.90238,-1.20226,0.00009
20.4831,57.162,-508.705,241.990,-2.90242,1.20230,-0.00001
20.5486,57.154,-508.682,240.746,-2.90227,1.20231,0.00006
20.6132,57.143,-508.705,239.593,-2.90230,1.20227,0.00006
20.6785,57.166,-508.741,238.495,-2.90243,1.20219,-0.00002
20.7441,57.173,-508.688,237.231,-2.90236,1.20212,0.00001
20.8096,57.155,-508.772,236.189,2.90229,-1.20214,0.00005
20.8737,57.153,-508.668,234.888,-2.90230,1.20227,0.00009
20.9392,57.153,-508.731,233.854,2.90235,-1.20222,0.00006
21.0040,57.158,-508.701,232.720,2.90236,-1.20223,0.00004
21.0695,57.168,-508.665,231.796,2.90243,-1.20225,-0.00003
21.1353,57.136,-508.746,230.657,2.90228,-1.20217,0.00001
21.1997,57.135,-508.728,229.434,2.90235,-1.20235,0.00005
21.2646,57.141,-508.744,228.234,2.90234,-1.20221,-0.00004
21.3299,57.142,-508.740,227.091,2.90235,-1.20228,0.00003
21.3947,57.143,-508.699,225.881,-2.90236,1.20229,0.00004
21.4607,57.151,-508.734,224.718,2.90244,-1.20223,-0.00003
21.5254,57.136,-508.751,223.654,2.90230,-1.20224,0.00002
21.5902,57.146,-508.693,222.407,2.90239,-1.20234,-0.00004
21.6564,57.159,-508.740,221.325,2.90227,-1.20219,0.00009
21.7205,57.249,-508.699,220.386,2.90245,-1.20200,0.00009
21.7860,57.267,-508.667,219.148,-2.90254,1.20194,0.00001
21.8509,57.259,-508.716,218.086,2.90245,-1.20187,0.00009
21.9158,57.239,-508.650,216.833,-2.90241,1.20207,0.00005
21.9811,57.216,-508.715,215.664,-2.90246,1.20215,0.00002
22.0460,57.214,-508.706,214.538,2.90243,-1.20217,0.00003
22.1117,57.208,-508.697,213.329,2.90249,-1.20207,-0.00001
22.1769,57.162,-508.738,212.160,2.90239,-1.20222,0.00007
22.2418,57.131,-508.743,211.029,2.90235,-1.20225,0.00008
22.3065,57.137,-508.675,210.168,2.90240,-1.20235,0.00003
22.3729,57.130,-508.695,208.989,2.90238,-1.20236,0.00002
22.4369,57.129,-508.736,207.832,2.90239,-1.20233,0.00006
22.5023,57.135,-508.685,206.593,-2.90237,1.20231,-0.00000
22.5671,57.117,-508.754,205.524,2.90227,-1.20223,0.00005
22.6324,57.163,-508.710,204.240,-2.90244,1.20220,-0.00000
22.6974,57.184,-508.742,203.096,2.90244,-1.20221,0.00004
22.7636,57.175,-508.754,201.985,2.90230,-1.20219,0.00006
22.8276,57.190,-508.690,200.754,2.90241,-1.20223,0.00002
22.8934,57.154,-508.736,199.676,2.90234,-1.20210,0.00001
22.9580,57.184,-508.680,198.465,-2.90247,1.20210,-0.00000
23.0231,57.171,-508.698,197.559,-2.90245,1.20213,0.00002
23.0891,57.176,-508.740,196.347,-2.90242,1.20216,0.00002
23.1540,57.167,-508.729,195.189,-2.90240,1.20220,0.00007
23.2188,57.186,-508.706,193.997,-2.90243,1.20221,-0.00004
23.2837,57.165,-508.741,192.914,2.90239,-1.20218,0.00003
23.3491,57.162,-508.736,191.851,2.90226,-1.20211,0.00007
23.4140,57.172,-508.668,190.576,2.90245,-1.20216,0.00004
23.4787,57.177,-508.767,189.436,2.90231,-1.20223,0.00007
23.5443,57.190,-508.680,188.114,-2.90231,1.20221,-0.00001
23.6090,57.160,-508.706,187.221,-2.90235,1.20220,0.00005
23.6745,57.150,-508.768,186.179,2.90240,-1.20224,0.00011
23.7399,57.178,-508.684,185.030,2.90247,-1.20218,0.00002
23.8059,57.146,-508.712,183.896,2.90233,-1.20216,0.00002
23.8701,57.155,-508.724,182.722,2.90238,-1.20219,-0.00003
23.9353,57.180,-508.678,181.440,-2.90236,1.20220,0.00006
24.0004,57.145,-508.729,180.321,-2.90243,1.20228,0.00003
24.0658,57.151,-508.714,179.119,-2.90235,1.20223,0.00000
24.1312,57.143,-508.717,177.949,-2.90243,1.20227,0.00000
24.1964,57.151,-508.721,176.874,2.90229,-1.20217,0.00006
24.2609,57.158,-508.762,176.120,2.90221,-1.20224,0.00012
24.3261,57.150,-508.744,175.088,2.90236,-1.20225,0.00001
24.3908,57.171,-508.706,174.183,2.90241,-1.20228,0.00001
24.4566,57.169,-508.682,173.511,-2.90236,1.20224,0.00002
24.5224,57.139,-508.779,173.078,2.90216,-1.20218,0.00011
24.5862,57.161,-508.751,172.704,2.90222,-1.20207,0.00010
24.6520,57.161,-508.748,172.385,2.90228,-1.20211,0.00004
24.7166,57.154,-508.742,172.236,2.90230,-1.20223,0.00011
24.7821,57.173,-508.734,172.155,2.90239,-1.20219,0.00005
24.8475,57.150,-508.722,172.133,2.90239,-1.20219,0.00001
24.9114,57.135,-508.692,172.088,-2.90242,1.20230,0.00010
24.9774,57.157,-508.711,172.088,-2.90246,1.20222,0.00002
25.0419,57.142,-508.721,172.112,2.90238,-1.20225,-0.00007
25.1072,57.169,-508.722,172.110,2.90244,-1.20221,0.00003
25.1724,57.158,-508.726,172.117,2.90240,-1.20222,0.00002
25.2378,57.174,-508.723,172.117,2.90242,-1.20216,0.00000
25.3024,57.169,-508.717,172.115,2.90242,-1.20224,-0.00001
25.3686,57.158,-508.725,172.139,2.90237,-1.20220,-0.00000
25.4335,57.171,-508.726,172.133,2.90238,-1.20222,0.00003
25.4983,57.184,-508.708,172.096,-2.90242,1.20222,-0.00008
25.5634,57.175,-508.721,172.120,2.90240,-1.20217,0.00005
25.6279,57.168,-508.725,172.129,2.90237,-1.20224,0.00005
25.6938,57.158,-508.726,172.105,2.90240,-1.20229,0.00001
25.7594,57.169,-508.712,172.119,2.90243,-1.20220,-0.00005
25.8232,57.178,-508.720,172.099,2.90244,-1.20225,0.00004
25.8894,57.158,-508.714,172.099,2.90245,-1.20223,0.00002
25.9538,57.174,-508.720,172.128,2.90242,-1.20214,0.00001
26.0189,57.143,-508.701,172.101,-2.90245,1.20222,0.00008
26.0850,57.188,-508.710,172.128,2.90240,-1.20219,0.00004
26.1491,57.171,-508.727,172.139,2.90237,-1.20222,0.00007
26.2142,57.188,-508.697,172.084,-2.90240,1.20221,-0.00002
26.2796,57.172,-508.722,172.135,2.90243,-1.20218,0.00006
26.3445,57.165,-508.726,172.148,2.90236,-1.20224,0.00007
26.4105,57.156,-508.722,172.125,2.90239,-1.20229,0.00003
26.4748,57.168,-508.722,172.114,2.90242,-1.20224,-0.00001
26.5400,57.177,-508.709,172.121,2.90244,-1.20219,0.00007
26.6049,57.167,-508.710,172.118,2.90241,-1.20220,0.00002
26.6703,57.192,-508.705,172.112,-2.90246,1.20220,-0.00004
26.7357,57.182,-508.696,172.097,-2.90244,1.20221,-0.00003
26.8008,57.183,-508.703,172.096,-2.90248,1.20213,0.00003
26.8660,57.170,-508.714,172.122,2.90243,-1.20225,0.00002
26.9309,57.159,-508.700,172.120,2.90242,-1.20224,-0.00001
26.9958,57.159,-508.727,172.135,2.90237,-1.20222,0.00007
27.0618,57.158,-508.714,172.132,2.90239,-1.20223,0.00004
27.1263,57.180,-508.705,172.112,2.90248,-1.20216,0.00000
27.1914,57.168,-508.703,172.104,2.90243,-1.20229,0.00000
27.2568,57.158,-508.729,172.136,2.90234,-1.20225,0.00004
27.3220,57.172,-508.723,172.128,2.90239,-1.20225,0.00006
27.3864,57.153,-508.696,172.101,-2.90242,1.20229,0.00006
27.4523,57.149,-508.724,172.108,2.90244,-1.20221,-0.00001
27.5168,57.167,-508.712,172.107,-2.90246,1.20222,-0.00004
27.5828,57.177,-508.720,172.122,2.90241,-1.20220,0.00002
27.6477,57.183,-508.703,172.092,-2.90243,1.20223,-0.00001
27.7129,57.167,-508.709,172.115,-2.90249,1.20215,0.00004
27.7773,57.151,-508.733,172.114,2.90238,-1.20225,0.00002
27.8437,57.143,-508.791,172.117,2.90214,-1.20214,0.00012
27.9075,57.172,-508.715,171.826,2.90230,-1.20208,0.00004
27.9728,57.173,-508.588,171.249,-2.90219,1.20213,0.00011
28.0379,57.193,-508.622,170.717,-2.90222,1.20204,0.00006
28.1033,57.161,-508.725,170.159,-2.90246,1.20216,0.00002
28.1688,57.158,-508.746,169.669,2.90240,-1.20222,0.00002
28.2337,57.158,-508.745,168.755,2.90238,-1.20224,0.00003
28.2981,57.182,-508.679,167.647,-2.90243,1.20217,0.00007
28.3637,57.176,-508.729,166.547,2.90238,-1.20223,0.00006
28.4290,57.139,-508.770,165.378,2.90231,-1.20223,0.00006
28.4940,57.150,-508.700,164.146,-2.90232,1.20224,0.00003
28.5588,57.173,-508.685,163.008,-2.90237,1.20222,-0.00001
28.6247,57.163,-508.696,161.913,2.90240,-1.20232,0.00004
28.6890,57.160,-508.690,160.750,2.90243,-1.20228,-0.00002
28.7557,57.168,-508.642,159.414,-2.90218,1.20210,0.00005
28.8194,57.158,-508.699,158.565,-2.90234,1.20215,0.00010
28.8851,57.151,-508.789,157.496,2.90236,-1.20212,0.00005
28.9496,57.149,-508.706,156.317,2.90238,-1.20222,0.00002
29.0153,57.139,-508.728,155.239,2.90221,-1.20221,0.00005
29.0811,57.134,-508.765,154.041,2.90229,-1.20227,0.00003
29.1458,57.169,-508.640,152.691,-2.90220,1.20216,0.00006
29.2103,57.155,-508.714,151.603,-2.90234,1.20222,0.00001
29.2752,57.164,-508.736,150.527,2.90237,-1.20215,0.00008
29.3409,57.183,-508.671,149.342,2.90245,-1.20217,0.00004
29.4064,57.151,-508.718,148.160,2.90241,-1.20230,-0.00003
29.4712,57.144,-508.745,147.220,2.90240,-1.20229,-0.00004
29.5362,57.138,-508.726,146.041,-2.90241,1.20227,0.00003
29.6008,57.158,-508.718,144.943,2.90239,-1.20223,0.00001
29.6665,57.191,-508.709,143.798,2.90239,-1.20213,0.00007
29.7314,57.201,-508.720,142.649,2.90238,-1.20205,0.00006
29.7976,57.213,-508.682,141.372,-2.90244,1.20214,0.00000
29.8619,57.177,-508.702,140.242,2.90243,-1.20220,-0.00002
29.9272,57.193,-508.741,139.125,2.90242,-1.20209,0.00003
29.9917,57.203,-508.721,137.939,2.90241,-1.20214,0.00008
30.0579,57.188,-508.678,136.746,-2.90247,1.20216,0.00000
30.1229,57.184,-508.753,135.889,2.90242,-1.20207,0.00005
30.1872,57.175,-508.734,134.666,2.90244,-1.20221,-0.00001
30.2524,57.194,-508.615,133.416,-2.90225,1.20217,0.00005
30.3183,57.183,-508.706,132.402,2.90245,-1.20212,0.00000
30.3822,57.169,-508.723,131.242,2.90236,-1.20216,-0.00000
30.4480,57.185,-508.680,129.943,-2.90235,1.20210,0.00007
30.5131,57.174,-508.716,128.745,-2.90236,1.20207,0.00010
30.5777,57.161,-508.755,127.717,2.90229,-1.20227,0.00005
30.6427,57.159,-508.737,126.606,2.90223,-1.20225,0.00012
30.7081,57.181,-508.693,125.306,-2.90241,1.20222,-0.00002
30.7729,57.166,-508.727,124.417,-2.90245,1.20215,0.00006
30.8391,57.172,-508.700,123.240,-2.90239,1.20211,0.00009
30.9030,57.180,-508.724,122.169,2.90235,-1.20216,0.00012
30.9690,57.161,-508.659,120.921,-2.90232,1.20229,0.00010
31.0345,57.177,-508.710,119.764,-2.90238,1.20224,-0.00003
31.0988,57.175,-508.774,118.627,2.90238,-1.20222,0.00009
31.1637,57.193,-508.703,117.467,2.90243,-1.20220,0.00009
31.2289,57.173,-508.726,116.318,2.90234,-1.20217,0.00014
31.2940,57.167,-508.759,115.152,2.90235,-1.20217,0.00003
31.3591,57.157,-508.731,113.970,2.90233,-1.20227,0.00002
31.4240,57.163,-508.616,112.973,-2.90220,1.20225,0.00010
31.4894,57.189,-508.718,111.921,2.90242,-1.20208,0.00010
31.5541,57.159,-508.761,110.799,2.90232,-1.20216,0.00010
31.6195,57.171,-508.651,109.489,-2.90233,1.20211,0.00005
31.6854,57.157,-508.671,108.298,-2.90225,1.20220,0.00005
31.7500,57.160,-508.736,107.275,2.90234,-1.20229,0.00003
31.8148,57.144,-508.729,106.107,2.90227,-1.20230,0.00003
31.8800,57.168,-508.699,104.822,-2.90236,1.20218,0.00006
31.9449,57.158,-508.697,103.624,-2.90231,1.20220,0.00006
32.0107,57.151,-508.710,102.585,2.90238,-1.20221,0.00000
32.0753,57.159,-508.747,101.745,2.90228,-1.20212,0.00011
32.1407,57.148,-508.720,100.466,2.90243,-1.20225,-0.00005
32.2054,57.162,-508.639,99.215,-2.90221,1.20220,0.00013
32.2708,57.177,-508.715,98.208,2.90241,-1.20220,0.00007
32.3361,57.150,-508.762,97.045,2.90232,-1.20221,0.00006
32.4016,57.140,-508.730,95.813,2.90245,-1.20223,-0.00003
32.4661,57.152,-508.685,94.606,-2.90238,1.20224,0.00007
32.5313,57.150,-508.754,93.552,2.90227,-1.20228,0.00007
32.5962,57.169,-508.758,92.409,2.90233,-1.20221,0.00008
32.6617,57.148,-508.643,91.080,-2.90226,1.20229,0.00007
32.7266,57.179,-508.656,90.200,-2.90236,1.20219,-0.00004
32.7919,57.126,-508.806,89.198,2.90219,-1.20214,0.00008
32.8567,57.137,-508.768,87.976,2.90227,-1.20220,0.00008
32.9219,57.172,-508.670,86.697,-2.90231,1.20228,-0.00002
32.9870,57.172,-508.656,85.546,-2.90230,1.20222,0.00004
33.0527,57.164,-508.758,84.489,2.90231,-1.20212,0.00003
33.1170,57.165,-508.708,83.242,-2.90241,1.20223,-0.00002
33.1825,57.182,-508.666,81.984,-2.90229,1.20211,0.00005
33.2473,57.161,-508.672,80.895,-2.90236,1.20220,0.00005
33.3140,57.142,-508.742,79.795,2.90234,-1.20233,0.00007
33.3777,57.145,-508.747,78.872,2.90242,-1.20232,0.00004
33.4434,57.146,-508.707,77.642,-2.90237,1.20228,0.00005
33.5078,57.157,-508.735,76.593,2.90231,-1.20216,0.00009
33.5731,57.171,-508.688,75.308,-2.90245,1.20218,-0.00000
33.6380,57.148,-508.777,74.198,2.90236,-1.20220,0.00006
33.7035,57.139,-508.786,73.095,2.90224,-1.20220,0.00006
33.7682,57.168,-508.729,71.919,2.90227,-1.20219,0.00011
33.8337,57.158,-508.665,70.655,-2.90235,1.20225,0.00004
33.8984,57.157,-508.720,69.526,2.90244,-1.20223,-0.00002
33.9640,57.163,-508.767,68.436,2.90235,-1.20214,0.00010
34.0294,57.147,-508.737,67.524,2.90235,-1.20219,0.00001
34.0946,57.164,-508.617,66.216,-2.90227,1.20216,0.00011
34.1590,57.156,-508.664,65.071,-2.90229,1.20235,0.00003
34.2252,57.171,-508.803,64.075,2.90219,-1.20215,0.00015
34.2894,57.145,-508.745,62.756,2.90240,-1.20228,-0.00001
34.3545,57.166,-508.658,61.515,-2.90233,1.20220,0.00008
34.4196,57.158,-508.695,60.470,2.90238,-1.20220,0.00005
34.4856,57.165,-508.784,59.319,2.90234,-1.20217,0.00009
34.5498,57.159,-508.747,58.099,-2.90240,1.20226,0.00004
34.6151,57.151,-508.694,57.257,-2.90237,1.20234,0.00006
34.6800,57.166,-508.697,56.063,-2.90240,1.20229,-0.00004
34.7454,57.157,-508.709,54.872,-2.90238,1.20225,0.00001
34.8106,57.128,-508.732,53.746,2.90238,-1.20223,-0.00004
34.8766,57.148,-508.738,52.644,2.90233,-1.20215,0.00005
34.9407,57.154,-508.721,51.425,2.90240,-1.20217,0.00004
35.0059,57.159,-508.738,50.236,2.90230,-1.20225,0.00005
35.0707,57.175,-508.717,49.083,2.90233,-1.20225,0.00007
35.1360,57.148,-508.738,47.888,2.90234,-1.20231,0.00010
35.2014,57.138,-508.764,46.743,2.90234,-1.20223,-0.00003
35.2672,57.190,-508.802,45.646,2.90230,-1.20202,0.00012
35.3310,57.229,-508.694,44.701,-2.90253,1.20204,-0.00002
35.3967,57.232,-508.610,43.346,-2.90215,1.20202,0.00013
35.4612,57.226,-508.691,42.331,-2.90243,1.20209,-0.00002
35.5272,57.186,-508.768,41.189,2.90244,-1.20212,-0.00003
35.5915,57.182,-508.734,39.970,-2.90246,1.20209,0.00001
35.6569,57.203,-508.680,38.827,-2.90248,1.20215,-0.00005
35.7217,57.191,-508.619,37.580,-2.90230,1.20220,0.00003
35.7869,57.178,-508.718,36.502,2.90241,-1.20227,-0.00001
35.8524,57.170,-508.826,35.442,2.90217,-1.20217,0.00011
35.9186,57.164,-508.752,34.222,2.90228,-1.20226,0.00010
35.9822,57.162,-508.695,33.257,-2.90242,1.20223,0.00004
36.0482,57.185,-508.684,32.134,2.90242,-1.20219,0.00006
36.1149,57.166,-508.724,30.971,2.90236,-1.20215,0.00005
36.1790,57.185,-508.762,29.793,2.90245,-1.20211,0.00006
36.2438,57.172,-508.760,28.632,2.90237,-1.20204,0.00002
36.3085,57.190,-508.682,27.423,-2.90245,1.20216,0.00001
36.3744,57.192,-508.623,26.159,-2.90221,1.20211,0.00014
36.4383,57.188,-508.712,25.118,-2.90244,1.20223,0.00002
36.5031,57.176,-508.691,24.056,-2.90237,1.20223,0.00002
36.5690,57.163,-508.755,23.389,2.90237,-1.20222,0.00006
36.6336,57.190,-508.708,22.585,-2.90246,1.20213,0.00001
36.6987,57.176,-508.755,21.991,2.90237,-1.20209,0.00008
36.7638,57.188,-508.742,21.450,2.90243,-1.20216,0.00004
36.8290,57.183,-508.786,21.046,2.90232,-1.20215,0.00009
36.8942,57.163,-508.742,20.829,2.90234,-1.20227,0.00005
36.9602,57.181,-508.704,20.736,2.90241,-1.20222,0.00004
37.0245,57.176,-508.717,20.731,2.90236,-1.20218,0.00008
37.0897,57.173,-508.730,20.720,2.90232,-1.20218,0.00005
37.1545,57.168,-508.711,20.670,2.90241,-1.20226,0.00003
37.2197,57.189,-508.711,20.640,2.90245,-1.20219,0.00005
37.2851,57.195,-508.686,20.622,-2.90245,1.20213,-0.00000
37.3501,57.164,-508.707,20.651,2.90245,-1.20221,-0.00008
37.4149,57.171,-508.703,20.633,-2.90245,1.20221,0.00001
37.4803,57.186,-508.727,20.660,2.90243,-1.20216,0.00002
37.5453,57.170,-508.719,20.655,2.90242,-1.20220,0.00006
37.6108,57.196,-508.678,20.656,-2.90246,1.20215,-0.00001
37.6765,57.168,-508.704,20.661,2.90244,-1.20221,-0.00001
37.7412,57.193,-508.703,20.644,-2.90243,1.20222,-0.00001
37.8059,57.181,-508.690,20.630,-2.90243,1.20218,0.00008
37.8711,57.192,-508.700,20.649,-2.90247,1.20214,0.00003
37.9360,57.200,-508.717,20.668,2.90245,-1.20211,0.00006
38.0018,57.193,-508.699,20.641,-2.90246,1.20216,0.00003
38.0662,57.185,-508.693,20.636,-2.90242,1.20220,0.00002
38.1318,57.190,-508.706,20.639,-2.90242,1.20222,-0.00002
38.1967,57.166,-508.719,20.644,2.90243,-1.20224,-0.00001
38.2621,57.160,-508.721,20.654,2.90241,-1.20226,0.00003
38.3272,57.192,-508.708,20.642,-2.90246,1.20214,-0.00001
38.3924,57.170,-508.698,20.642,-2.90240,1.20227,-0.00001
38.4571,57.172,-508.720,20.656,2.90243,-1.20225,0.00002
38.5227,57.180,-508.683,20.639,-2.90245,1.20217,0.00005
38.5876,57.164,-508.711,20.657,2.90243,-1.20226,-0.00004
38.6531,57.175,-508.717,20.651,2.90245,-1.20223,-0.00000
38.7177,57.174,-508.701,20.649,-2.90245,1.20219,0.00007
38.7831,57.182,-508.718,20.661,2.90244,-1.20223,0.00004
38.8479,57.172,-508.715,20.645,-2.90248,1.20216,0.00002
38.9133,57.185,-508.709,20.663,2.90243,-1.20216,-0.00001
38.9787,57.187,-508.718,20.653,2.90244,-1.20215,0.00001
39.0440,57.161,-508.729,20.673,2.90239,-1.20223,-0.00002
39.1089,57.181,-508.716,20.656,2.90246,-1.20216,-0.00003
39.1745,57.172,-508.717,20.661,2.90245,-1.20217,-0.00001
39.2394,57.191,-508.689,20.657,-2.90249,1.20215,0.00000
39.3039,57.183,-508.712,20.657,2.90246,-1.20222,0.00004
39.3690,57.170,-508.711,20.636,-2.90245,1.20221,0.00001
39.4352,57.172,-508.702,20.652,-2.90243,1.20226,0.00001
39.5000,57.177,-508.726,20.661,2.90245,-1.20217,0.00003
39.5648,57.169,-508.698,20.658,-2.90247,1.20220,0.00002
39.6306,57.174,-508.708,20.658,2.90248,-1.20215,0.00002
39.6950,57.165,-508.726,20.676,2.90234,-1.20227,0.00001
39.7607,57.187,-508.705,20.653,-2.90245,1.20223,-0.00002
39.8250,57.185,-508.722,20.673,2.90244,-1.20219,0.00007
39.8899,57.189,-508.726,20.665,2.90243,-1.20216,0.00004
39.9557,57.166,-508.741,20.683,2.90235,-1.20221,0.00004
40.0204,57.199,-508.739,20.672,2.90242,-1.20208,0.00005
40.0857,57.167,-508.812,20.614,2.90220,-1.20210,0.00011
40.1509,57.176,-508.815,20.290,2.90229,-1.20207,0.00007
40.2160,57.165,-508.766,19.821,2.90233,-1.20216,0.00007
40.2815,57.186,-508.688,19.253,-2.90246,1.20213,0.00001
40.3460,57.211,-508.616,18.500,-2.90237,1.20210,0.00003
40.4109,57.196,-508.599,17.688,-2.90228,1.20214,0.00002
40.4770,57.177,-508.713,17.045,2.90241,-1.20214,0.00004
40.5425,57.146,-508.755,16.010,2.90226,-1.20217,0.00005
40.6067,57.159,-508.784,14.908,2.90228,-1.20204,0.00003
40.6724,57.164,-508.737,13.653,2.90243,-1.20227,-0.00000
40.7375,57.164,-508.679,12.430,-2.90231,1.20225,0.00007
40.8019,57.179,-508.639,11.283,-2.90229,1.20225,0.00005
40.8677,57.195,-508.624,10.018,-2.90222,1.20208,0.00006
40.9323,57.189,-508.732,8.988,2.90248,-1.20211,-0.00002
40.9976,57.161,-508.765,7.830,2.90246,-1.20212,-0.00001
41.0630,57.175,-508.755,6.642,2.90246,-1.20215,0.00003
41.1277,57.170,-508.704,5.484,2.90242,-1.20220,-0.00003
41.1931,57.195,-508.631,4.535,-2.90233,1.20220,-0.00001
41.2579,57.192,-508.621,3.357,-2.90237,1.20212,0.00003
41.3228,57.178,-508.738,2.307,2.90231,-1.20214,0.00006
41.3885,57.179,-508.792,1.173,2.90232,-1.20198,0.00010
41.4532,57.140,-508.850,0.019,2.90216,-1.20206,0.00008
41.5190,57.170,-508.743,-1.203,2.90230,-1.20219,0.00009
41.5838,57.195,-508.662,-2.505,-2.90236,1.20218,0.00001
41.6488,57.190,-508.649,-3.620,-2.90244,1.20213,0.00006
41.7144,57.193,-508.659,-4.808,-2.90236,1.20215,0.00002
41.7803,57.181,-508.719,-5.968,-2.90244,1.20219,0.00004
41.8438,57.178,-508.779,-6.763,2.90238,-1.20209,0.00006
41.9101,57.154,-508.781,-7.950,2.90235,-1.20223,0.00002
41.9742,57.183,-508.682,-9.182,-2.90236,1.20222,-0.00003
42.0406,57.183,-508.686,-10.324,2.90244,-1.20228,0.00007
42.1043,57.199,-508.676,-11.512,-2.90236,1.20219,-0.00001
42.1710,57.159,-508.721,-12.632,2.90237,-1.20224,-0.00001
42.2344,57.163,-508.778,-13.736,2.90225,-1.20212,0.00006
42.3000,57.157,-508.771,-14.936,2.90228,-1.20218,0.00010
42.3648,57.151,-508.772,-16.094,2.90222,-1.20220,0.00009
42.4302,57.167,-508.743,-17.328,2.90241,-1.20214,-0.00004
42.4954,57.167,-508.705,-18.218,-2.90243,1.20219,0.00005
42.5605,57.185,-508.689,-19.389,-2.90243,1.20213,0.00003
42.6255,57.188,-508.677,-20.605,-2.90235,1.20206,0.00006
42.6908,57.179,-508.703,-21.732,-2.90239,1.20219,0.00002
42.7561,57.173,-508.670,-22.927,-2.90237,1.20214,0.00003
42.8220,57.179,-508.694,-24.076,2.90247,-1.20219,-0.00004
42.8862,57.176,-508.728,-25.214,2.90239,-1.20225,0.00007
42.9511,57.181,-508.741,-26.354,2.90239,-1.20217,0.00009
43.0163,57.150,-508.783,-27.518,2.90225,-1.20216,0.00007
43.0825,57.166,-508.810,-28.638,2.90216,-1.20211,0.00015
43.1473,57.183,-508.735,-29.559,2.90243,-1.20214,0.00009
43.2119,57.160,-508.729,-30.755,2.90241,-1.20224,0.00002
43.2771,57.184,-508.658,-31.974,-2.90235,1.20210,0.00005
43.3423,57.198,-508.626,-33.138,-2.90236,1.20205,0.00010
43.4073,57.195,-508.628,-34.357,-2.90223,1.20216,0.00001
43.4727,57.190,-508.695,-35.451,-2.90244,1.20216,0.00001
43.5375,57.161,-508.752,-36.640,-2.90246,1.20221,0.00004
43.6027,57.183,-508.803,-37.727,2.90230,-1.20215,0.00014
43.6676,57.147,-508.764,-38.940,2.90241,-1.20217,0.00002
43.7329,57.159,-508.771,-39.810,2.90236,-1.20216,0.00008
43.7979,57.155,-508.717,-40.991,2.90243,-1.20224,0.00002
43.8642,57.190,-508.696,-42.148,-2.90242,1.20226,-0.00005
43.9280,57.183,-508.646,-43.349,-2.90239,1.20220,0.00002
43.9935,57.188,-508.619,-44.527,-2.90231,1.20215,0.00005
44.0601,57.188,-508.671,-45.694,-2.90238,1.20217,0.00001
44.1237,57.171,-508.734,-46.814,2.90238,-1.20219,0.00008
44.1895,57.184,-508.714,-48.033,-2.90243,1.20216,-0.00002
44.2549,57.155,-508.790,-49.152,2.90234,-1.20218,0.00006
44.3192,57.153,-508.832,-50.319,2.90224,-1.20222,0.00008
44.3841,57.140,-508.848,-51.451,2.90218,-1.20218,0.00012
44.4491,57.171,-508.743,-52.369,2.90243,-1.20220,0.00004
44.5148,57.168,-508.666,-53.609,-2.90235,1.20216,0.00007
44.5804,57.163,-508.694,-54.707,2.90242,-1.20230,0.00002
44.6454,57.194,-508.646,-55.920,-2.90236,1.20218,-0.00004
44.7099,57.178,-508.691,-57.043,2.90243,-1.20226,0.00003
44.7753,57.162,-508.722,-58.190,2.90240,-1.20220,0.00002
44.8398,57.165,-508.681,-59.446,-2.90237,1.20223,-0.00002
44.9062,57.186,-508.719,-60.550,2.90241,-1.20218,0.00002
44.9711,57.162,-508.707,-61.802,-2.90243,1.20220,0.00006
45.0358,57.147,-508.784,-62.898,2.90230,-1.20221,0.00010
45.1007,57.166,-508.717,-63.841,-2.90234,1.20223,0.00002
45.1666,57.153,-508.771,-64.956,2.90239,-1.20227,0.00001
45.2313,57.179,-508.751,-66.131,2.90248,-1.20216,0.00002
45.2971,57.162,-508.694,-67.305,-2.90237,1.20223,0.00002
45.3615,57.155,-508.740,-68.442,2.90236,-1.20225,-0.00002
45.4267,57.164,-508.736,-69.588,2.90236,-1.20228,0.00002
45.4913,57.164,-508.749,-70.766,2.90232,-1.20219,0.00006
45.5566,57.153,-508.708,-71.983,2.90242,-1.20222,-0.00001
45.6216,57.175,-508.720,-73.130,2.90240,-1.20219,0.00007
45.6877,57.169,-508.727,-74.350,2.90240,-1.20219,0.00005
45.7519,57.173,-508.683,-75.253,-2.90237,1.20218,-0.00000
45.8170,57.182,-508.728,-76.363,2.90245,-1.20223,0.00003
45.8819,57.164,-508.678,-77.623,-2.90228,1.20221,0.00008
45.9473,57.177,-508.743,-78.681,2.90240,-1.20219,0.00004
46.0127,57.178,-508.707,-79.869,-2.90246,1.20214,-0.00001
46.0775,57.171,-508.747,-81.001,2.90231,-1.20223,0.00007
46.1426,57.158,-508.762,-82.153,2.90231,-1.20220,0.00008
46.2078,57.166,-508.805,-83.315,2.90226,-1.20213,0.00016
46.2728,57.168,-508.756,-84.494,2.90238,-1.20213,0.00005
46.3382,57.145,-508.735,-85.696,2.90237,-1.20228,0.00003
46.4030,57.147,-508.807,-86.507,2.90222,-1.20216,0.00010
46.4686,57.163,-508.750,-87.779,2.90241,-1.20223,0.00004
46.5333,57.138,-508.746,-88.912,2.90232,-1.20228,0.00001
46.5988,57.181,-508.700,-90.180,-2.90237,1.20223,-0.00005
46.6637,57.165,-508.754,-91.248,2.90239,-1.20215,0.00007
46.7292,57.165,-508.684,-92.464,-2.90233,1.20216,0.00005
46.7937,57.147,-508.744,-93.579,2.90240,-1.20220,-0.00002
46.8597,57.180,-508.696,-94.773,-2.90242,1.20216,0.00005
46.9242,57.140,-508.747,-95.916,2.90232,-1.20231,0.00006
46.9895,57.146,-508.773,-97.049,2.90227,-1.20223,0.00008
47.0544,57.148,-508.762,-97.977,2.90230,-1.20223,0.00004
47.1196,57.172,-508.757,-99.109,2.90237,-1.20214,0.00009
47.1851,57.186,-508.669,-100.388,-2.90232,1.20211,0.00009
47.2502,57.173,-508.735,-101.474,2.90241,-1.20224,0.00009
47.3150,57.180,-508.688,-102.746,-2.90234,1.20218,0.00008
47.3804,57.161,-508.715,-103.815,-2.90243,1.20225,-0.00005
47.4450,57.153,-508.729,-104.991,2.90244,-1.20217,-0.00003
47.5104,57.153,-508.791,-106.106,2.90222,-1.20215,0.00010
47.5759,57.179,-508.759,-107.287,2.90236,-1.20216,0.00014
47.6409,57.140,-508.742,-108.143,2.90235,-1.20218,0.00000
47.7060,57.178,-508.732,-109.346,2.90241,-1.20214,0.00006
47.7718,57.160,-508.754,-110.537,2.90236,-1.20213,-0.00000
47.8364,57.161,-508.721,-111.742,2.90240,-1.20220,-0.00002
47.9017,57.136,-508.724,-112.925,2.90241,-1.20226,-0.00003
47.9668,57.173,-508.674,-114.104,-2.90232,1.20222,0.00003
48.0318,57.194,-508.644,-115.310,-2.90225,1.20214,0.00003
48.0974,57.158,-508.650,-116.425,-2.90233,1.20215,0.00007
48.1625,57.188,-508.621,-117.632,-2.90234,1.20212,0.00010
48.2271,57.199,-508.673,-118.739,-2.90245,1.20221,-0.00007
48.2933,57.164,-508.677,-119.890,2.90242,-1.20229,0.00005
48.3580,57.165,-508.706,-120.733,2.90242,-1.20229,0.00002
48.4227,57.172,-508.674,-121.970,-2.90239,1.20225,-0.00000
48.4877,57.163,-508.682,-123.110,2.90244,-1.20223,-0.00002
48.5530,57.162,-508.689,-124.329,-2.90244,1.20222,-0.00000
48.6180,57.184,-508.713,-125.464,2.90243,-1.20223,0.00007
48.6833,57.182,-508.615,-126.692,-2.90224,1.20215,0.00010
48.7482,57.183,-508.611,-127.667,-2.90222,1.20219,0.00013
48.8136,57.175,-508.686,-128.456,-2.90242,1.20223,0.00002
48.8786,57.160,-508.676,-129.239,-2.90232,1.20227,0.00002
48.9441,57.183,-508.699,-129.772,2.90247,-1.20218,0.00005
49.0087,57.171,-508.666,-130.146,-2.90237,1.20223,0.00002
49.0741,57.165,-508.709,-130.484,2.90243,-1.20221,-0.00004
49.1389,57.165,-508.678,-130.708,-2.90240,1.20223,0.00003
49.2042,57.149,-508.731,-130.726,2.90237,-1.20226,0.00004
49.2690,57.145,-508.771,-130.700,2.90230,-1.20213,0.00003
49.3346,57.155,-508.752,-130.736,2.90231,-1.20219,0.00009
49.3995,57.175,-508.701,-130.810,-2.90241,1.20223,-0.00002
49.4646,57.144,-508.722,-130.789,2.90240,-1.20225,0.00003
49.5298,57.171,-508.701,-130.796,2.90242,-1.20228,0.00002
49.5950,57.163,-508.716,-130.809,-2.90244,1.20223,-0.00001
49.6602,57.159,-508.726,-130.792,2.90241,-1.20223,0.00005
49.7258,57.169,-508.724,-130.802,2.90241,-1.20231,0.00010
49.7904,57.162,-508.707,-130.813,-2.90242,1.20232,-0.00003
49.8556,57.157,-508.737,-130.788,2.90240,-1.20223,0.00005
49.9204,57.172,-508.719,-130.794,2.90243,-1.20226,0.00004
49.9858,57.159,-508.727,-130.801,2.90239,-1.20233,0.00004
50.0511,57.171,-508.705,-130.800,2.90242,-1.20226,0.00002
50.1163,57.161,-508.701,-130.791,2.90243,-1.20226,-0.00004
50.1809,57.161,-508.714,-130.788,2.90242,-1.20224,0.00005
50.2471,57.177,-508.701,-130.801,2.90244,-1.20227,0.00001
50.3111,57.168,-508.696,-130.811,-2.90246,1.20221,0.00005
50.3766,57.173,-508.706,-130.803,-2.90243,1.20226,0.00001
50.4417,57.168,-508.686,-130.811,-2.90239,1.20224,0.00001
50.5068,57.182,-508.691,-130.809,-2.90244,1.20220,-0.00002
50.5718,57.167,-508.731,-130.790,2.90237,-1.20226,0.00004
50.6369,57.160,-508.705,-130.801,-2.90241,1.20232,-0.00005
50.7019,57.147,-508.736,-130.778,2.90232,-1.20228,-0.00002
50.7670,57.156,-508.746,-130.789,2.90238,-1.20228,0.00006
50.8324,57.160,-508.708,-130.789,2.90241,-1.20225,-0.00003
50.8976,57.165,-508.737,-130.782,2.90239,-1.20219,0.00000
50.9628,57.156,-508.717,-130.794,2.90242,-1.20224,-0.00001
51.0277,57.153,-508.714,-130.800,2.90245,-1.20223,-0.00004
51.0928,57.171,-508.726,-130.787,2.90243,-1.20220,0.00005
51.1583,57.169,-508.719,-130.789,2.90244,-1.20224,0.00002
51.2228,57.154,-508.708,-130.798,2.90241,-1.20228,-0.00004
51.2881,57.174,-508.682,-130.813,-2.90240,1.20221,0.00001
51.3529,57.163,-508.711,-130.801,2.90244,-1.20220,-0.00006
51.4185,57.165,-508.701,-130.805,2.90246,-1.20219,-0.00002
51.4837,57.170,-508.728,-130.785,2.90243,-1.20220,0.00001
51.5488,57.174,-508.702,-130.800,-2.90244,1.20225,0.00001
51.6140,57.182,-508.692,-130.809,-2.90243,1.20218,-0.00002
51.6795,57.168,-508.709,-130.794,-2.90243,1.20226,-0.00007
51.7437,57.177,-508.710,-130.803,-2.90241,1.20227,-0.00008
51.8091,57.137,-508.690,-130.811,-2.90240,1.20229,0.00004
51.8739,57.166,-508.709,-130.792,2.90246,-1.20219,-0.00004
51.9393,57.193,-508.698,-130.797,-2.90245,1.20217,-0.00002
52.0046,57.170,-508.712,-130.801,-2.90245,1.20221,-0.00001
52.0695,57.160,-508.725,-130.777,2.90241,-1.20215,-0.00004
52.1345,57.173,-508.696,-130.803,-2.90241,1.20229,-0.00005
52.2005,57.174,-508.729,-130.786,2.90238,-1.20230,0.00007
52.2649,57.154,-508.698,-130.798,-2.90241,1.20227,-0.00001
52.3302,57.160,-508.740,-130.772,2.90236,-1.20227,0.00004
52.3956,57.139,-508.717,-130.800,2.90243,-1.20228,-0.00002
52.4607,57.164,-508.736,-130.770,2.90238,-1.20220,0.00006
52.5251,57.151,-508.738,-130.774,2.90236,-1.20229,0.00006
52.5905,57.150,-508.724,-130.783,2.90242,-1.20226,0.00002
52.6555,57.175,-508.703,-130.801,-2.90244,1.20226,-0.00003
52.7208,57.172,-508.716,-130.791,2.90243,-1.20222,0.00005
52.7857,57.166,-508.738,-130.782,2.90236,-1.20225,0.00005
52.8516,57.177,-508.701,-130.805,2.90245,-1.20223,0.00001
52.9159,57.162,-508.722,-130.789,2.90241,-1.20223,0.00003
52.9815,57.158,-508.723,-130.792,2.90240,-1.20225,-0.00003
53.0459,57.162,-508.702,-130.796,2.90242,-1.20230,-0.00000
53.1117,57.157,-508.720,-130.794,2.90238,-1.20228,0.00003
53.1771,57.187,-508.717,-130.790,2.90246,-1.20217,0.00006
53.2425,57.175,-508.714,-130.791,2.90244,-1.20223,0.00002
53.3067,57.164,-508.731,-130.785,2.90241,-1.20217,0.00002
53.3724,57.171,-508.711,-130.798,2.90244,-1.20225,0.00005
53.4370,57.170,-508.714,-130.805,2.90245,-1.20221,0.00002
53.5028,57.173,-508.713,-130.797,2.90244,-1.20221,0.00004
53.5671,57.173,-508.731,-130.766,2.90240,-1.20219,0.00004
53.6328,57.177,-508.697,-130.792,-2.90246,1.20219,0.00003
53.6980,57.149,-508.708,-130.785,2.90241,-1.20233,-0.00001
53.7629,57.155,-508.728,-130.781,2.90239,-1.20225,-0.00001
53.8278,57.159,-508.699,-130.806,-2.90244,1.20223,0.00003
53.8930,57.181,-508.691,-130.790,-2.90243,1.20220,0.00002
53.9584,57.153,-508.700,-130.806,-2.90242,1.20226,0.00003
54.0236,57.155,-508.729,-130.767,2.90237,-1.20222,0.00001
54.0890,57.159,-508.716,-130.794,2.90243,-1.20220,-0.00003
54.1539,57.176,-508.711,-130.797,2.90246,-1.20221,0.00001
54.2184,57.189,-508.708,-130.793,-2.90245,1.20221,-0.00005
54.2840,57.169,-508.697,-130.802,-2.90243,1.20220,-0.00002
54.3489,57.164,-508.731,-130.789,2.90240,-1.20219,0.00002
54.4138,57.183,-508.679,-130.813,-2.90244,1.20215,0.00002
54.4786,57.168,-508.705,-130.795,2.90244,-1.20223,0.00000
54.5439,57.170,-508.713,-130.782,2.90243,-1.20222,0.00002
54.6094,57.147,-508.739,-130.777,2.90237,-1.20221,0.00001
54.6750,57.191,-508.723,-130.793,2.90244,-1.20222,0.00012
54.7396,57.158,-508.729,-130.785,2.90244,-1.20216,0.00001
54.8047,57.165,-508.706,-130.795,2.90243,-1.20226,0.00002
54.8699,57.173,-508.697,-130.799,-2.90243,1.20226,-0.00005
54.9348,57.163,-508.715,-130.791,2.90244,-1.20223,0.00002
55.0004,57.130,-508.709,-130.803,-2.90242,1.20230,0.00009
55.0661,57.155,-508.712,-130.797,2.90243,-1.20228,-0.00000
55.1304,57.168,-508.730,-130.790,2.90242,-1.20222,0.00007
55.1959,57.185,-508.725,-130.786,2.90244,-1.20214,-0.00001
55.2603,57.163,-508.733,-130.741,2.90239,-1.20219,0.00002
55.3255,57.158,-508.768,-130.473,2.90229,-1.20221,0.00009
55.3905,57.153,-508.799,-130.141,2.90222,-1.20214,0.00006
55.4567,57.150,-508.817,-129.740,2.90222,-1.20216,0.00012
55.5206,57.136,-508.859,-129.264,2.90214,-1.20221,0.00013
55.5863,57.128,-508.825,-128.635,2.90229,-1.20225,0.00003
55.6509,57.157,-508.749,-127.800,2.90237,-1.20218,0.00001
55.7169,57.137,-508.798,-126.802,2.90221,-1.20223,0.00005
55.7812,57.150,-508.763,-125.739,2.90232,-1.20228,0.00001
55.8471,57.154,-508.763,-124.506,2.90231,-1.20225,0.00005
55.9116,57.164,-508.720,-123.407,-2.90242,1.20227,0.00006
55.9772,57.154,-508.722,-122.260,2.90240,-1.20229,0.00001
56.0426,57.151,-508.772,-121.036,2.90231,-1.20219,0.00008
56.1069,57.153,-508.748,-120.164,2.90239,-1.20223,0.00000
56.1725,57.167,-508.704,-119.048,-2.90238,1.20223,0.00005
56.2374,57.165,-508.752,-117.831,2.90237,-1.20223,0.00008
56.3019,57.153,-508.715,-116.701,2.90242,-1.20226,-0.00002
56.3676,57.171,-508.723,-115.532,2.90238,-1.20217,0.00002
56.4331,57.174,-508.704,-114.368,2.90242,-1.20221,-0.00003
56.4981,57.165,-508.739,-113.175,2.90240,-1.20221,0.00002
56.5629,57.174,-508.724,-111.992,2.90244,-1.20221,-0.00003
56.6279,57.160,-508.697,-110.831,-2.90242,1.20227,0.00007
56.6929,57.156,-508.699,-109.690,-2.90237,1.20230,0.00008
56.7584,57.158,-508.726,-108.805,2.90236,-1.20229,0.00001
56.8236,57.178,-508.675,-107.645,-2.90244,1.20219,0.00006
56.8886,57.176,-508.664,-106.514,-2.90236,1.20220,0.00005
56.9529,57.173,-508.684,-105.293,-2.90244,1.20222,0.00005
57.0183,57.189,-508.630,-104.176,-2.90235,1.20215,0.00008
57.0832,57.192,-508.605,-103.006,-2.90230,1.20222,0.00002
57.1485,57.187,-508.682,-101.818,-2.90242,1.20224,0.00001
57.2144,57.170,-508.746,-100.571,2.90230,-1.20221,0.00009
57.2795,57.170,-508.697,-99.449,2.90245,-1.20220,0.00002
57.3451,57.160,-508.725,-98.235,2.90232,-1.20224,-0.00001
57.4091,57.172,-508.659,-97.158,-2.90232,1.20219,0.00006
57.4739,57.143,-508.685,-96.264,-2.90234,1.20232,0.00008
57.5400,57.163,-508.688,-95.064,2.90245,-1.20223,0.00000
57.6041,57.177,-508.727,-93.902,2.90237,-1.20224,0.00008
57.6696,57.151,-508.718,-92.700,2.90236,-1.20222,-0.00001
57.7350,57.169,-508.700,-91.582,2.90242,-1.20226,0.00005
57.7999,57.175,-508.725,-90.371,2.90241,-1.20210,0.00006
57.8650,57.164,-508.698,-89.245,-2.90244,1.20220,0.00003
57.9303,57.160,-508.699,-88.027,2.90242,-1.20229,-0.00001
57.9960,57.178,-508.664,-86.900,-2.90235,1.20217,0.00009
58.0606,57.170,-508.700,-85.993,2.90241,-1.20227,0.00002
58.1258,57.182,-508.675,-84.866,-2.90237,1.20222,-0.00003
58.1913,57.158,-508.696,-83.669,-2.90240,1.20232,-0.00000
58.2557,57.174,-508.679,-82.519,-2.90239,1.20223,0.00005
58.3209,57.172,-508.640,-81.380,-2.90233,1.20219,0.00008
58.3860,57.198,-508.683,-80.165,-2.90243,1.20218,0.00000
58.4514,57.179,-508.700,-79.029,-2.90240,1.20226,-0.00001
58.5179,57.179,-508.721,-77.768,2.90237,-1.20220,0.00001
58.5816,57.181,-508.745,-76.638,2.90238,-1.20219,0.00003
58.6474,57.149,-508.781,-75.421,2.90224,-1.20212,0.00004
58.7127,57.174,-508.737,-74.581,2.90236,-1.20221,0.00002
58.7779,57.167,-508.693,-73.431,-2.90243,1.20221,0.00003
58.8424,57.174,-508.715,-72.246,2.90245,-1.20221,0.00001
58.9073,57.177,-508.687,-71.117,-2.90239,1.20218,0.00004
58.9736,57.165,-508.756,-69.888,2.90236,-1.20219,0.00006
59.0383,57.159,-508.769,-68.744,2.90231,-1.20222,0.00005
59.1028,57.169,-508.749,-67.568,2.90235,-1.20215,0.00001
59.1689,57.178,-508.747,-66.418,2.90237,-1.20213,0.00006
59.2338,57.167,-508.725,-65.251,2.90240,-1.20219,-0.00001
59.3001,57.170,-508.736,-64.050,2.90236,-1.20220,0.00003
59.3651,57.176,-508.684,-62.943,-2.90246,1.20218,0.00002
59.4293,57.188,-508.652,-62.053,-2.90240,1.20219,0.00001
59.4947,57.176,-508.595,-60.936,-2.90220,1.20217,0.00013
59.5591,57.147,-508.697,-59.695,2.90240,-1.20228,-0.00003
59.6241,57.171,-508.695,-58.548,-2.90240,1.20225,-0.00001
59.6900,57.163,-508.736,-57.342,2.90237,-1.20216,0.00002
59.7550,57.157,-508.769,-56.200,2.90234,-1.20214,0.00003
59.8201,57.141,-508.786,-54.994,2.90228,-1.20217,0.00003
59.8860,57.151,-508.783,-53.829,2.90227,-1.20216,-0.00001
59.9501,57.165,-508.767,-52.671,2.90237,-1.20217,0.00002
60.0147,57.159,-508.743,-51.786,2.90240,-1.20221,-0.00002
60.0808,57.182,-508.713,-50.633,-2.90242,1.20219,-0.00001
60.1460,57.176,-508.658,-49.528,-2.90232,1.20214,0.00008
60.2105,57.180,-508.665,-48.286,-2.90244,1.20224,-0.00000
60.2764,57.175,-508.652,-47.189,-2.90236,1.20226,0.00003
60.3419,57.191,-508.697,-45.938,2.90237,-1.20216,0.00003
60.4055,57.173,-508.729,-44.818,2.90237,-1.20227,0.00005
60.4706,57.146,-508.780,-43.587,2.90222,-1.20220,0.00006
60.5359,57.162,-508.787,-42.423,2.90231,-1.20214,0.00007
60.6010,57.161,-508.800,-41.266,2.90230,-1.20213,0.00005
60.6665,57.160,-508.792,-40.361,2.90230,-1.20216,0.00006
60.7309,57.180,-508.707,-39.244,-2.90243,1.20216,0.00002
60.7966,57.183,-508.684,-38.090,-2.90237,1.20222,0.00003
60.8630,57.196,-508.698,-36.874,2.90247,-1.20219,0.00005
60.9271,57.179,-508.679,-35.749,-2.90241,1.20221,-0.00002
60.9926,57.194,-508.716,-34.550,2.90237,-1.20217,0.00009
61.0578,57.180,-508.663,-33.444,-2.90239,1.20223,-0.00000
61.1240,57.154,-508.764,-32.179,2.90227,-1.20218,0.00007
61.1879,57.184,-508.803,-31.003,2.90229,-1.20212,0.00014
61.2540,57.154,-508.831,-29.815,2.90219,-1.20219,0.00008
61.3192,57.166,-508.724,-28.736,2.90241,-1.20225,0.00001
61.3852,57.192,-508.693,-27.880,-2.90239,1.20217,0.00002
61.4487,57.149,-508.680,-26.675,-2.90239,1.20224,0.00014
61.5126,57.194,-508.670,-25.533,-2.90238,1.20219,-0.00001
61.5790,57.187,-508.624,-24.379,-2.90230,1.20213,0.00012
61.6441,57.209,-508.677,-23.167,-2.90247,1.20213,-0.00001
61.7085,57.174,-508.734,-22.005,2.90240,-1.20216,-0.00003
61.7743,57.161,-508.787,-20.744,2.90221,-1.20218,0.00010
61.8398,57.166,-508.757,-19.636,2.90232,-1.20214,-0.00003
61.9035,57.162,-508.763,-18.417,2.90228,-1.20215,0.00003
61.9690,57.174,-508.763,-17.284,2.90233,-1.20217,0.00008
62.0348,57.157,-508.710,-16.474,-2.90242,1.20221,0.00007
62.1007,57.170,-508.707,-15.291,2.90246,-1.20220,-0.00002
62.1646,57.170,-508.709,-14.111,-2.90241,1.20228,-0.00004
62.2298,57.189,-508.693,-12.957,-2.90241,1.20219,-0.00002
62.2956,57.190,-508.700,-11.761,2.90247,-1.20219,0.00002
62.3596,57.182,-508.685,-10.627,-2.90242,1.20216,0.00003
62.4264,57.177,-508.701,-9.469,-2.90242,1.20220,0.00001
62.4916,57.174,-508.795,-8.193,2.90228,-1.20215,0.00008
62.5558,57.151,-508.764,-7.089,2.90236,-1.20226,0.00001
62.6219,57.188,-508.730,-5.883,2.90238,-1.20214,-0.00001
62.6867,57.197,-508.636,-5.087,-2.90234,1.20217,0.00006
62.7517,57.186,-508.621,-3.955,-2.90232,1.20212,0.00012
62.8167,57.182,-508.695,-2.712,2.90240,-1.20217,0.00005
62.8818,57.179,-508.702,-1.557,-2.90242,1.20225,0.00003
62.9456,57.180,-508.793,-0.331,2.90231,-1.20214,0.00006
63.0108,57.184,-508.790,0.845,2.90234,-1.20215,0.00010
63.0772,57.192,-508.688,1.933,-2.90242,1.20217,0.00002
63.1426,57.206,-508.596,3.037,-2.90229,1.20203,0.00009
63.2070,57.207,-508.630,4.265,-2.90234,1.20213,0.00002
63.2715,57.200,-508.715,5.449,-2.90241,1.20219,-0.00000
63.3374,57.183,-508.781,6.395,2.90232,-1.20214,0.00005
63.4028,57.149,-508.850,7.621,2.90214,-1.20214,0.00011
63.4667,57.168,-508.742,8.684,2.90238,-1.20213,0.00001
63.5333,57.188,-508.746,9.928,2.90229,-1.20214,0.00009
63.5967,57.208,-508.648,10.974,-2.90242,1.20213,0.00006
63.6632,57.182,-508.700,12.188,2.90238,-1.20212,0.00001
63.7268,57.174,-508.793,13.445,2.90226,-1.20211,0.00009
63.7934,57.161,-508.757,14.531,2.90237,-1.20225,-0.00001
63.8585,57.182,-508.729,15.743,2.90241,-1.20212,0.00009
63.9226,57.173,-508.698,16.567,2.90245,-1.20217,-0.00005
63.9883,57.175,-508.677,17.497,-2.90239,1.20217,0.00003
64.0542,57.188,-508.697,18.358,2.90249,-1.20214,0.00002
64.1182,57.163,-508.715,19.160,2.90234,-1.20220,-0.00007
64.1836,57.168,-508.701,19.660,2.90245,-1.20222,-0.00002
64.2484,57.191,-508.633,20.092,-2.90233,1.20217,0.00010
64.3135,57.190,-508.599,20.320,-2.90219,1.20214,0.00013
64.3787,57.206,-508.600,20.412,-2.90215,1.20206,0.00010
64.4443,57.198,-508.626,20.463,-2.90221,1.20207,0.00013
64.5092,57.174,-508.678,20.543,-2.90230,1.20211,0.00012
64.5755,57.199,-508.706,20.650,-2.90243,1.20223,-0.00005
64.6389,57.169,-508.720,20.659,2.90246,-1.20220,0.00000
64.7041,57.162,-508.727,20.664,2.90240,-1.20226,0.00005
64.7694,57.173,-508.709,20.651,2.90245,-1.20223,-0.00002
64.8351,57.177,-508.700,20.652,-2.90245,1.20223,0.00005
64.9004,57.164,-508.714,20.666,2.90241,-1.20228,0.00005
64.9658,57.172,-508.725,20.672,2.90238,-1.20224,0.00004
65.0299,57.183,-508.713,20.648,-2.90243,1.20222,-0.00006
65.0966,57.177,-508.698,20.635,-2.90243,1.20220,0.00005
65.1604,57.186,-508.706,20.654,2.90246,-1.20218,-0.00002
65.2259,57.172,-508.702,20.643,-2.90242,1.20222,0.00002
65.2901,57.207,-508.709,20.659,-2.90247,1.20216,-0.00003
65.3562,57.187,-508.694,20.648,-2.90249,1.20213,0.00006
65.4206,57.166,-508.738,20.662,2.90240,-1.20221,0.00002
65.4866,57.188,-508.722,20.663,2.90244,-1.20223,0.00008
65.5516,57.174,-508.696,20.641,-2.90243,1.20218,0.00008
65.6166,57.177,-508.705,20.653,-2.90244,1.20227,0.00000
65.6815,57.195,-508.719,20.653,2.90248,-1.20216,0.00012
65.7464,57.190,-508.716,20.654,2.90245,-1.20215,-0.00001
65.8112,57.171,-508.705,20.642,-2.90244,1.20223,0.00001
65.8779,57.194,-508.719,20.649,-2.90245,1.20221,-0.00003
65.9418,57.165,-508.720,20.652,2.90243,-1.20223,-0.00001
66.0068,57.165,-508.704,20.642,-2.90242,1.20228,0.00005
66.0731,57.166,-508.690,20.640,-2.90244,1.20221,0.00009
66.1376,57.182,-508.732,20.661,2.90244,-1.20215,-0.00000
66.2017,57.189,-508.681,20.622,-2.90243,1.20214,0.00005
66.2673,57.167,-508.731,20.677,2.90236,-1.20226,0.00003
66.3322,57.172,-508.695,20.629,-2.90246,1.20217,0.00005
66.3985,57.186,-508.708,20.654,2.90246,-1.20220,0.00002
66.4635,57.181,-508.711,20.649,2.90250,-1.20211,-0.00004
66.5281,57.178,-508.721,20.663,2.90243,-1.20222,0.00003
66.5928,57.174,-508.707,20.651,2.90245,-1.20219,-0.00001
66.6587,57.169,-508.716,20.653,2.90242,-1.20226,0.00001
66.7235,57.181,-508.703,20.655,2.90246,-1.20220,0.00002
66.7887,57.196,-508.696,20.656,-2.90248,1.20214,0.00005
66.8538,57.176,-508.710,20.642,2.90246,-1.20217,0.00000
66.9195,57.188,-508.696,20.638,-2.90241,1.20219,-0.00003
66.9833,57.193,-508.704,20.653,-2.90246,1.20222,-0.00002
67.0489,57.191,-508.690,20.633,-2.90244,1.20217,0.00002
67.1151,57.190,-508.683,20.631,-2.90242,1.20220,-0.00000
67.1794,57.176,-508.713,20.650,2.90243,-1.20224,0.00001
67.2452,57.170,-508.718,20.651,2.90242,-1.20226,0.00005
67.3098,57.191,-508.691,20.617,-2.90242,1.20218,0.00002
67.3743,57.203,-508.693,20.645,-2.90246,1.20216,-0.00003
67.4415,57.195,-508.690,20.633,-2.90241,1.20222,-0.00000
67.5057,57.179,-508.712,20.739,2.90242,-1.20218,0.00004
67.5703,57.174,-508.682,20.980,2.90240,-1.20220,0.00001
67.6359,57.167,-508.753,21.490,2.90217,-1.20208,0.00007
67.7002,57.156,-508.824,21.962,2.90208,-1.20207,0.00013
67.7663,57.154,-508.822,22.483,2.90220,-1.20218,0.00006
67.8312,57.162,-508.789,23.036,2.90225,-1.20226,0.00008
67.8964,57.174,-508.711,23.838,-2.90241,1.20230,-0.00001
67.9608,57.187,-508.751,24.848,2.90241,-1.20204,0.00006
68.0255,57.172,-508.722,26.042,2.90233,-1.20206,0.00001
68.0917,57.193,-508.712,27.120,2.90247,-1.20212,0.00002
68.1567,57.167,-508.738,28.311,2.90236,-1.20217,-0.00001
68.2211,57.182,-508.768,29.550,2.90230,-1.20218,0.00009
68.2861,57.165,-508.760,30.651,2.90235,-1.20228,0.00006
68.3515,57.179,-508.663,31.803,-2.90241,1.20228,0.00006
68.4168,57.194,-508.647,32.959,-2.90242,1.20220,0.00004
68.4823,57.177,-508.717,34.124,2.90245,-1.20221,-0.00002
68.5469,57.152,-508.768,35.071,2.90240,-1.20211,-0.00002
68.6120,57.203,-508.799,36.292,2.90228,-1.20200,0.00012
68.6767,57.177,-508.664,37.320,-2.90235,1.20225,0.00007
68.7424,57.175,-508.623,38.494,-2.90232,1.20225,0.00011
68.8070,57.197,-508.718,39.763,2.90242,-1.20198,0.00003
68.8727,57.174,-508.814,40.960,2.90230,-1.20207,0.00007
68.9383,57.190,-508.758,42.074,2.90236,-1.20215,0.00008
69.0026,57.119,-508.735,43.255,2.90223,-1.20234,0.00012
69.0685,57.089,-508.694,44.359,2.90233,-1.20252,0.00001
69.1347,57.072,-508.768,45.589,2.90217,-1.20249,0.00003
69.1980,57.074,-508.821,46.543,2.90209,-1.20232,0.00012
69.2634,57.103,-508.742,47.618,2.90236,-1.20237,0.00007
69.3286,57.141,-508.684,48.714,-2.90232,1.20231,0.00002
69.3951,57.154,-508.681,49.927,-2.90240,1.20230,-0.00001
69.4601,57.170,-508.699,51.109,-2.90237,1.20223,0.00002
69.5254,57.196,-508.695,52.258,-2.90235,1.20223,-0.00002
69.5897,57.162,-508.755,53.491,2.90232,-1.20228,0.00006
69.6543,57.177,-508.725,54.619,2.90245,-1.20208,0.00006
69.7195,57.163,-508.735,55.743,2.90241,-1.20220,0.00002
69.7850,57.150,-508.731,56.942,2.90234,-1.20223,0.00002
69.8498,57.150,-508.711,57.836,2.90237,-1.20227,-0.00001
69.9150,57.154,-508.754,59.000,2.90234,-1.20228,0.00002
69.9795,57.167,-508.737,60.182,2.90239,-1.20226,0.00003
70.0455,57.172,-508.660,61.342,-2.90246,1.20218,0.00004
70.1102,57.164,-508.654,62.452,-2.90233,1.20215,0.00015
70.1752,57.183,-508.729,63.680,-2.90245,1.20221,-0.00004
70.2411,57.153,-508.769,64.928,2.90225,-1.20221,0.00009
70.3052,57.188,-508.641,65.993,-2.90234,1.20220,0.00005
70.3718,57.215,-508.612,67.076,-2.90220,1.20212,0.00006
70.4360,57.169,-508.771,68.385,2.90231,-1.20214,0.00012
70.5005,57.156,-508.831,69.325,2.90218,-1.20199,0.00010
70.5666,57.165,-508.745,70.414,2.90234,-1.20217,0.00005
70.6306,57.168,-508.688,71.514,2.90245,-1.20222,0.00001
70.6971,57.170,-508.718,72.763,2.90236,-1.20220,0.00001
70.7627,57.158,-508.724,73.945,2.90237,-1.20228,-0.00001
70.8273,57.168,-508.695,75.017,-2.90234,1.20223,0.00001
70.8910,57.192,-508.658,76.216,-2.90244,1.20206,-0.00001
70.9565,57.172,-508.718,77.460,2.90235,-1.20216,0.00005
71.0214,57.172,-508.729,78.572,2.90246,-1.20220,0.00000
71.0866,57.184,-508.742,79.455,2.90242,-1.20217,0.00007
71.1515,57.174,-508.754,80.672,2.90227,-1.20215,0.00007
71.2169,57.167,-508.743,81.842,2.90228,-1.20221,0.00004
71.2826,57.194,-508.697,82.901,-2.90243,1.20209,0.00001
71.3471,57.166,-508.744,84.147,2.90236,-1.20212,0.00001
71.4120,57.180,-508.783,85.423,2.90224,-1.20209,0.00010
71.4785,57.182,-508.682,86.414,-2.90239,1.20221,-0.00000
71.5434,57.201,-508.685,87.589,-2.90239,1.20214,0.00001
71.6090,57.188,-508.740,88.842,2.90241,-1.20219,0.00006
71.6730,57.153,-508.766,90.035,2.90232,-1.20215,0.00008
71.7392,57.188,-508.675,91.087,-2.90237,1.20219,0.00003
71.8027,57.184,-508.653,91.979,-2.90240,1.20216,0.00004
71.8689,57.182,-508.777,93.252,2.90229,-1.20216,0.00005
71.9336,57.170,-508.763,94.450,2.90225,-1.20218,0.00004
71.9993,57.196,-508.656,95.459,-2.90240,1.20208,0.00009
72.0646,57.182,-508.702,96.645,-2.90249,1.20207,0.00008
72.1287,57.189,-508.792,97.973,2.90222,-1.20201,0.00013
72.1936,57.182,-508.729,99.059,2.90231,-1.20223,0.00007
72.2605,57.166,-508.675,100.134,-2.90235,1.20218,0.00014
72.3254,57.180,-508.722,101.362,2.90244,-1.20224,-0.00001
72.3895,57.183,-508.735,102.590,2.90229,-1.20221,0.00008
72.4539,57.162,-508.724,103.453,2.90237,-1.20213,-0.00001
72.5192,57.186,-508.674,104.519,-2.90231,1.20211,0.00010
72.5849,57.196,-508.684,105.716,-2.90243,1.20213,0.00006
72.6494,57.188,-508.711,106.983,2.90237,-1.20221,0.00004
72.7158,57.167,-508.796,108.207,2.90218,-1.20212,0.00006
72.7810,57.197,-508.689,109.205,-2.90239,1.20221,-0.00007
72.8458,57.187,-508.692,110.396,-2.90246,1.20213,0.00001
72.9113,57.182,-508.783,111.677,2.90225,-1.20210,0.00010
72.9765,57.182,-508.712,112.796,2.90238,-1.20219,0.00004
73.0415,57.200,-508.643,113.832,-2.90233,1.20213,0.00012
73.1062,57.171,-508.728,114.823,2.90238,-1.20224,-0.00002
73.1705,57.190,-508.755,116.024,2.90239,-1.20213,0.00002
73.2363,57.183,-508.674,117.167,-2.90246,1.20216,0.00004
73.3006,57.194,-508.678,118.311,2.90247,-1.20215,-0.00004
73.3655,57.176,-508.759,119.548,2.90239,-1.20213,0.00009
73.4312,57.164,-508.729,120.661,2.90234,-1.20233,0.00005
73.4967,57.176,-508.686,121.786,2.90242,-1.20230,0.00001
73.5626,57.171,-508.750,123.071,2.90227,-1.20215,0.00008
73.6261,57.190,-508.737,124.130,2.90245,-1.20216,0.00004
73.6919,57.179,-508.726,125.002,-2.90243,1.20218,-0.00000
73.7568,57.193,-508.692,126.228,2.90245,-1.20221,0.00003
73.8226,57.208,-508.680,127.435,2.90242,-1.20211,0.00003
73.8867,57.185,-508.726,128.587,2.90245,-1.20222,-0.00003
73.9520,57.196,-508.712,129.692,-2.90248,1.20213,-0.00001
74.0170,57.184,-508.688,130.830,-2.90244,1.20217,0.00004
74.0825,57.174,-508.767,132.175,2.90223,-1.20202,0.00010
74.1471,57.167,-508.755,133.295,2.90222,-1.20217,0.00009
74.2128,57.172,-508.688,134.344,-2.90237,1.20225,0.00006
74.2791,57.098,-508.768,135.583,2.90228,-1.20241,0.00005
74.3426,57.095,-508.757,136.500,2.90230,-1.20231,-0.00001
74.4082,57.113,-508.707,137.614,2.90235,-1.20239,0.00009
74.4745,57.117,-508.713,138.823,2.90230,-1.20246,0.00004
74.5388,57.110,-508.755,139.956,2.90234,-1.20238,0.00003
74.6042,57.111,-508.704,141.112,-2.90236,1.20240,0.00001
74.6683,57.141,-508.704,142.270,-2.90237,1.20238,-0.00002
74.7345,57.167,-508.719,143.459,2.90239,-1.20216,0.00002
74.7996,57.193,-508.746,144.695,2.90231,-1.20204,0.00005
74.8646,57.180,-508.713,145.786,2.90244,-1.20219,0.00001
74.9291,57.199,-508.707,146.937,-2.90246,1.20214,-0.00002
74.9948,57.183,-508.753,148.174,2.90236,-1.20217,0.00008
75.0598,57.188,-508.728,149.059,2.90234,-1.20213,0.00003
75.1253,57.189,-508.697,150.180,2.90239,-1.20211,-0.00002
75.1890,57.163,-508.756,151.382,2.90237,-1.20212,0.00006
75.2551,57.166,-508.744,152.477,2.90248,-1.20214,-0.00005
75.3201,57.186,-508.700,153.648,-2.90245,1.20220,-0.00001
75.3845,57.163,-508.731,154.917,2.90229,-1.20222,0.00003
75.4496,57.175,-508.726,156.113,2.90222,-1.20218,0.00005
75.5157,57.172,-508.667,157.121,-2.90232,1.20216,0.00007
75.5799,57.185,-508.719,158.332,-2.90245,1.20211,0.00002
75.6458,57.179,-508.759,159.236,2.90240,-1.20213,0.00002
75.7098,57.178,-508.719,160.427,2.90235,-1.20211,-0.00004
75.7752,57.159,-508.778,161.659,2.90214,-1.20216,0.00013
75.8401,57.175,-508.762,162.794,2.90221,-1.20216,0.00004
75.9057,57.175,-508.728,163.897,2.90245,-1.20220,-0.00002
75.9713,57.189,-508.724,165.028,-2.90243,1.20219,-0.00007
76.0365,57.199,-508.706,166.264,-2.90247,1.20212,0.00003
76.1010,57.180,-508.694,167.442,2.90244,-1.20221,-0.00004
76.1666,57.183,-508.675,168.451,-2.90241,1.20223,0.00003
76.2322,57.114,-508.761,169.465,2.90222,-1.20238,0.00006
76.2975,57.088,-508.767,170.240,2.90225,-1.20229,0.00002
76.3623,57.113,-508.690,170.625,-2.90227,1.20236,0.00006
76.4275,57.116,-508.664,171.090,-2.90212,1.20224,0.00013
76.4923,57.114,-508.718,171.565,-2.90229,1.20228,0.00011
76.5578,57.136,-508.702,171.870,-2.90232,1.20236,0.00001
76.6227,57.151,-508.644,171.963,-2.90221,1.20230,0.00002
76.6872,57.151,-508.653,172.018,-2.90234,1.20223,0.00004
76.7524,57.164,-508.654,172.029,-2.90227,1.20224,0.00003
76.8176,57.199,-508.707,172.084,-2.90243,1.20218,0.00002
76.8835,57.257,-508.710,172.101,-2.90255,1.20199,0.00000
76.9489,57.222,-508.700,172.092,-2.90243,1.20215,0.00002
77.0124,57.252,-508.709,172.086,-2.90250,1.20207,-0.00003
77.0784,57.232,-508.699,172.084,-2.90248,1.20205,-0.00000
77.1433,57.220,-508.722,172.110,2.90250,-1.20205,0.00005
77.2083,57.183,-508.703,172.090,-2.90246,1.20214,0.00003
77.2734,57.177,-508.724,172.108,2.90244,-1.20223,0.00004
77.3390,57.151,-508.720,172.100,-2.90243,1.20225,-0.00001
77.4036,57.135,-508.703,172.100,-2.90237,1.20234,-0.00001
77.4690,57.130,-508.717,172.097,-2.90239,1.20235,0.00000
77.5335,57.169,-508.720,172.131,2.90239,-1.20225,0.00004
77.6000,57.149,-508.709,172.100,-2.90242,1.20226,0.00001
77.6641,57.139,-508.731,172.128,2.90234,-1.20231,-0.00001
77.7302,57.142,-508.717,172.111,2.90238,-1.20231,0.00001
77.7948,57.165,-508.698,172.094,-2.90242,1.20220,0.00003
77.8596,57.173,-508.714,172.085,-2.90243,1.20220,-0.00002
77.9250,57.165,-508.707,172.096,-2.90245,1.20219,-0.00001
77.9895,57.180,-508.707,172.111,2.90242,-1.20226,0.00005
78.0553,57.138,-508.714,172.103,2.90241,-1.20232,-0.00005
78.1209,57.168,-508.723,172.092,-2.90242,1.20228,-0.00002
78.1864,57.175,-508.716,172.116,2.90242,-1.20222,0.00003
78.2498,57.144,-508.726,172.100,2.90238,-1.20235,0.00003
78.3154,57.151,-508.714,172.097,-2.90245,1.20223,0.00002
78.3802,57.166,-508.718,172.133,2.90241,-1.20218,0.00002
78.4451,57.155,-508.730,172.118,2.90236,-1.20230,0.00004
78.5104,57.159,-508.717,172.107,2.90240,-1.20223,-0.00002
78.5754,57.164,-508.718,172.102,-2.90240,1.20232,-0.00005
78.6405,57.154,-508.718,172.118,2.90241,-1.20230,0.00001
78.7059,57.164,-508.730,172.107,2.90243,-1.20220,0.00005
78.7709,57.181,-508.699,172.110,2.90243,-1.20227,0.00004
78.8357,57.165,-508.703,172.116,2.90241,-1.20226,-0.00001
78.9027,57.167,-508.710,172.097,-2.90243,1.20227,-0.00003
78.9670,57.165,-508.720,172.113,2.90244,-1.20223,0.00001
79.0317,57.167,-508.712,172.101,-2.90243,1.20227,-0.00003
79.0974,57.169,-508.720,172.101,2.90244,-1.20223,0.00006
79.1625,57.153,-508.715,172.100,2.90242,-1.20226,-0.00003
79.2266,57.173,-508.719,172.098,-2.90244,1.20225,-0.00007
79.2917,57.170,-508.734,172.118,2.90243,-1.20214,0.00006
79.3581,57.148,-508.712,172.112,2.90242,-1.20228,-0.00004
79.4223,57.169,-508.714,172.114,2.90246,-1.20216,-0.00001
79.4877,57.158,-508.709,172.097,-2.90243,1.20229,0.00002
79.5525,57.167,-508.712,172.099,2.90246,-1.20222,0.00000
79.6180,57.157,-508.714,172.122,2.90241,-1.20230,-0.00001
79.6826,57.144,-508.722,172.119,2.90240,-1.20228,-0.00001
79.7474,57.172,-508.676,172.180,-2.90234,1.20225,0.00004
79.8138,57.164,-508.767,172.569,2.90224,-1.20216,0.00004
79.8788,57.145,-508.845,173.074,2.90195,-1.20211,0.00025
79.9433,57.181,-508.737,173.488,2.90230,-1.20205,0.00007
80.0087,57.168,-508.686,174.036,2.90239,-1.20227,-0.00002
80.0734,57.187,-508.645,174.774,-2.90230,1.20218,0.00002
80.1387,57.154,-508.743,175.528,2.90231,-1.20228,0.00004
80.2036,57.147,-508.743,176.610,2.90232,-1.20224,-0.00000
80.2688,57.183,-508.655,177.649,-2.90233,1.20222,0.00004
80.3340,57.161,-508.697,178.873,-2.90244,1.20220,0.00007
80.3995,57.162,-508.709,180.000,-2.90244,1.20215,0.00007
80.4658,57.184,-508.737,181.213,2.90237,-1.20216,0.00006
80.5292,57.172,-508.727,182.408,2.90230,-1.20220,-0.00000
80.5945,57.160,-508.761,183.574,2.90223,-1.20223,0.00007
80.6604,57.176,-508.712,184.755,2.90235,-1.20211,0.00002
80.7249,57.185,-508.693,185.821,-2.90245,1.20215,0.00005
80.7895,57.166,-508.748,187.004,-2.90244,1.20218,0.00002
80.8564,57.172,-508.670,187.849,-2.90231,1.20222,0.00010
80.9209,57.183,-508.683,189.072,-2.90237,1.20226,0.00001
80.9865,57.161,-508.779,190.363,2.90217,-1.20217,0.00014
81.0503,57.182,-508.682,191.453,2.90239,-1.20218,0.00006
81.1168,57.167,-508.740,192.616,2.90242,-1.20212,0.00001
81.1826,57.180,-508.745,193.736,2.90243,-1.20220,0.00003
81.2463,57.189,-508.688,194.890,-2.90236,1.20221,0.00003
81.3123,57.192,-508.710,196.102,2.90242,-1.20225,0.00002
81.3777,57.182,-508.719,197.341,2.90233,-1.20217,0.00003
81.4409,57.193,-508.672,198.488,2.90241,-1.20210,-0.00001
81.5079,57.183,-508.726,199.630,2.90234,-1.20212,0.00007
81.5718,57.188,-508.756,200.539,2.90233,-1.20212,0.00005
81.6375,57.172,-508.684,201.607,-2.90236,1.20227,0.00006
81.7027,57.180,-508.706,202.776,-2.90234,1.20224,0.00002
81.7682,57.202,-508.706,203.979,-2.90241,1.20219,-0.00001
81.8316,57.171,-508.663,205.107,-2.90238,1.20208,0.00014
81.8980,57.199,-508.744,206.436,2.90236,-1.20201,0.00013
81.9626,57.180,-508.722,207.519,2.90237,-1.20213,0.00000
82.0281,57.211,-508.733,208.685,2.90234,-1.20213,0.00009
82.0925,57.179,-508.746,209.604,2.90230,-1.20214,0.00006
82.1590,57.183,-508.700,210.995,-2.90243,1.20226,-0.00006
82.2232,57.153,-508.706,211.857,-2.90238,1.20225,-0.00002
82.2878,57.064,-508.698,213.036,-2.90219,1.20245,0.00008
82.3540,57.047,-508.714,214.250,2.90230,-1.20253,-0.00003
82.4194,57.065,-508.741,215.394,2.90221,-1.20248,-0.00002
82.4846,57.078,-508.774,216.614,2.90220,-1.20243,0.00009
82.5495,57.149,-508.704,217.684,2.90244,-1.20224,-0.00001
82.6150,57.149,-508.760,218.997,2.90223,-1.20215,0.00015
82.6800,57.160,-508.707,220.057,2.90242,-1.20231,0.00004
82.7440,57.148,-508.707,221.213,2.90240,-1.20231,-0.00004
82.8096,57.166,-508.760,222.166,2.90228,-1.20225,0.00005
82.8754,57.170,-508.704,223.236,-2.90236,1.20232,-0.00001
82.9392,57.143,-508.767,224.459,2.90232,-1.20217,0.00001
83.0049,57.186,-508.701,225.588,-2.90241,1.20210,-0.00003
83.0700,57.170,-508.711,226.764,-2.90246,1.20220,0.00000
83.1350,57.168,-508.710,227.980,2.90236,-1.20217,-0.00002
83.2006,57.175,-508.693,229.172,2.90244,-1.20220,-0.00003
83.2659,57.171,-508.691,230.280,-2.90244,1.20223,0.00002
83.3319,57.189,-508.727,231.525,2.90244,-1.20206,0.00008
83.3963,57.193,-508.708,232.598,2.90248,-1.20214,0.00001
83.4601,57.200,-508.732,233.511,2.90240,-1.20219,0.00005
83.5253,57.172,-508.745,234.651,2.90244,-1.20222,0.00001
83.5913,57.184,-508.687,235.754,-2.90229,1.20213,0.00013
83.6558,57.162,-508.749,237.030,2.90240,-1.20223,-0.00002
83.7210,57.187,-508.659,238.172,-2.90236,1.20215,0.00003
83.7856,57.185,-508.753,239.408,2.90233,-1.20200,0.00002
83.8509,57.178,-508.734,240.542,2.90234,-1.20215,0.00003
83.9157,57.177,-508.737,241.752,2.90225,-1.20216,0.00007
83.9818,57.176,-508.739,242.895,2.90232,-1.20219,0.00007
84.0458,57.178,-508.704,243.741,2.90245,-1.20217,-0.00004
84.1124,57.186,-508.692,244.903,2.90249,-1.20213,0.00001
84.1775,57.177,-508.748,246.092,2.90241,-1.20218,0.00009
84.2432,57.163,-508.702,247.182,-2.90232,1.20219,0.00008
84.3073,57.177,-508.751,248.386,-2.90244,1.20226,-0.00004
84.3718,57.191,-508.686,249.501,-2.90232,1.20216,0.00007
84.4379,57.182,-508.702,250.747,-2.90243,1.20222,0.00001
84.5029,57.200,-508.716,251.909,-2.90247,1.20215,0.00000
84.5672,57.202,-508.656,253.010,-2.90226,1.20204,0.00007
84.6334,57.183,-508.735,254.309,2.90236,-1.20213,0.00009
84.6985,57.105,-508.725,255.431,2.90229,-1.20238,0.00002
84.7638,57.089,-508.718,256.333,2.90223,-1.20246,-0.00005
84.8285,57.110,-508.742,257.519,2.90224,-1.20235,0.00006
84.8938,57.136,-508.679,258.602,-2.90234,1.20225,0.00002
84.9585,57.127,-508.707,259.823,-2.90238,1.20230,0.00007
85.0229,57.138,-508.685,260.983,-2.90242,1.20223,0.00007
85.0878,57.130,-508.719,262.104,-2.90232,1.20240,0.00004
85.1535,57.135,-508.743,263.326,2.90235,-1.20236,0.00004
85.2192,57.166,-508.735,264.455,2.90238,-1.20233,0.00006
85.2848,57.156,-508.747,265.701,2.90239,-1.20214,0.00002
85.3494,57.146,-508.688,266.770,-2.90233,1.20221,0.00008
85.4153,57.167,-508.737,267.988,2.90245,-1.20217,-0.00008
85.4790,57.167,-508.753,268.819,2.90242,-1.20222,-0.00004
85.5442,57.162,-508.726,270.033,2.90235,-1.20229,0.00001
85.6097,57.166,-508.740,271.205,2.90238,-1.20223,0.00003
85.6743,57.190,-508.693,272.402,2.90242,-1.20212,0.00002
85.7399,57.181,-508.708,273.574,2.90244,-1.20212,0.00003
85.8047,57.167,-508.675,274.692,-2.90239,1.20222,0.00007
85.8694,57.189,-508.697,275.867,-2.90240,1.20216,-0.00002
85.9348,57.163,-508.713,277.043,2.90244,-1.20222,-0.00002
85.9995,57.183,-508.699,277.878,-2.90239,1.20220,-0.00001
86.0651,57.203,-508.729,279.123,2.90240,-1.20218,0.00008
86.1305,57.173,-508.699,280.192,-2.90232,1.20220,0.00003
86.1954,57.169,-508.718,281.420,-2.90241,1.20225,0.00001
86.2602,57.199,-508.698,282.579,-2.90244,1.20213,0.00002
86.3255,57.196,-508.715,283.757,-2.90247,1.20218,-0.00002
86.3917,57.176,-508.748,284.976,2.90234,-1.20222,0.00007
86.4559,57.175,-508.708,286.088,-2.90243,1.20225,-0.00000
86.5220,57.179,-508.743,287.315,2.90241,-1.20209,0.00005
86.5858,57.192,-508.678,288.408,-2.90234,1.20220,-0.00001
86.6509,57.204,-508.715,289.647,2.90247,-1.20210,0.00005
86.7163,57.202,-508.694,290.442,-2.90241,1.20218,0.00002
86.7816,57.171,-508.756,291.717,2.90229,-1.20220,0.00002
86.8468,57.176,-508.742,292.796,2.90242,-1.20221,-0.00002
86.9118,57.189,-508.759,294.032,2.90237,-1.20209,0.00006
86.9767,57.190,-508.706,295.158,2.90249,-1.20212,-0.00005
87.0426,57.184,-508.686,296.321,-2.90242,1.20220,0.00006
87.1071,57.208,-508.693,297.521,-2.90242,1.20214,0.00001
87.1730,57.091,-508.727,298.649,-2.90232,1.20247,0.00003
87.2381,57.050,-508.747,299.870,2.90228,-1.20254,-0.00000
87.3038,57.039,-508.713,300.975,-2.90229,1.20254,0.00007
87.3674,57.076,-508.706,301.884,-2.90228,1.20246,0.00002
87.4327,57.106,-508.677,302.997,-2.90217,1.20243,0.00000
87.4980,57.151,-508.736,304.228,-2.90242,1.20230,-0.00005
87.5636,57.150,-508.733,305.375,2.90239,-1.20226,0.00002
87.6287,57.149,-508.758,306.611,2.90227,-1.20221,0.00007
87.6931,57.142,-508.724,307.719,2.90242,-1.20227,-0.00001
87.7592,57.179,-508.724,308.889,2.90248,-1.20214,0.00005
87.8228,57.157,-508.716,310.086,-2.90241,1.20227,-0.00003
87.8888,57.178,-508.672,311.183,-2.90228,1.20219,0.00007
87.9537,57.178,-508.733,312.126,2.90240,-1.20224,0.00010
88.0186,57.165,-508.714,313.290,2.90244,-1.20226,0.00001
88.0846,57.173,-508.740,314.495,2.90236,-1.20218,0.00003
88.1499,57.182,-508.667,315.544,-2.90232,1.20212,0.00003
88.2137,57.172,-508.728,316.839,2.90239,-1.20219,0.00001
88.2805,57.177,-508.676,317.937,-2.90238,1.20222,0.00005
88.3449,57.186,-508.725,319.197,2.90230,-1.20212,0.00006
88.4094,57.184,-508.715,320.178,2.90232,-1.20219,0.00005
88.4743,57.206,-508.699,321.114,2.90235,-1.20211,0.00011
88.5403,57.194,-508.690,321.876,2.90239,-1.20209,0.00008
88.6051,57.184,-508.692,322.480,2.90234,-1.20210,0.00000
88.6698,57.175,-508.716,322.796,2.90243,-1.20221,0.00006
88.7346,57.206,-508.657,323.160,-2.90230,1.20213,0.00000
88.8003,57.171,-508.706,323.462,2.90238,-1.20219,0.00000
88.8654,57.200,-508.682,323.466,-2.90241,1.20216,-0.00002
88.9312,57.185,-508.653,323.449,-2.90231,1.20214,0.00010
88.9955,57.204,-508.651,323.471,-2.90235,1.20208,0.00001
89.0615,57.174,-508.690,323.547,-2.90243,1.20227,-0.00000
89.1256,57.172,-508.702,323.556,2.90244,-1.20226,0.00001
89.1912,57.178,-508.698,323.558,2.90246,-1.20216,-0.00002
89.2572,57.190,-508.700,323.563,2.90245,-1.20216,-0.00002
89.3228,57.180,-508.707,323.525,-2.90245,1.20216,0.00002
89.3870,57.179,-508.699,323.562,2.90245,-1.20222,0.00001
89.4514,57.183,-508.704,323.551,2.90250,-1.20212,-0.00003
89.5176,57.167,-508.698,323.552,2.90244,-1.20226,0.00001
89.5820,57.154,-508.700,323.533,-2.90241,1.20223,0.00005
89.6473,57.185,-508.694,323.528,-2.90243,1.20217,0.00001
89.7125,57.189,-508.709,323.544,2.90247,-1.20216,0.00001
89.7790,57.170,-508.717,323.565,2.90244,-1.20217,0.00002
89.8434,57.167,-508.705,323.550,2.90241,-1.20224,-0.00007
89.9069,57.200,-508.696,323.539,-2.90247,1.20210,-0.00001
89.9723,57.182,-508.710,323.542,2.90247,-1.20217,-0.00003
90.0373,57.181,-508.710,323.554,2.90242,-1.20227,0.00007
90.1026,57.183,-508.712,323.560,2.90241,-1.20226,0.00006
90.1675,57.175,-508.695,323.568,2.90245,-1.20216,-0.00004
90.2329,57.169,-508.701,323.604,2.90236,-1.20220,0.00003
90.2989,57.192,-508.709,323.558,2.90247,-1.20217,0.00003
90.3633,57.174,-508.709,323.554,2.90244,-1.20221,0.00003
90.4280,57.183,-508.690,323.557,2.90246,-1.20220,-0.00001
90.4939,57.167,-508.716,323.573,2.90240,-1.20218,0.00002
90.5601,57.195,-508.710,323.581,2.90244,-1.20211,0.00003
90.6252,57.182,-508.704,323.562,-2.90244,1.20226,-0.00006
90.6887,57.174,-508.714,323.559,2.90242,-1.20227,0.00003
90.7541,57.172,-508.703,323.547,2.90243,-1.20229,0.00001
90.8186,57.165,-508.704,323.566,2.90242,-1.20218,-0.00001
90.8848,57.179,-508.698,323.564,2.90243,-1.20223,0.00002
90.9497,57.187,-508.703,323.550,-2.90245,1.20220,-0.00002
91.0142,57.168,-508.711,323.560,2.90242,-1.20221,0.00000
91.0802,57.165,-508.695,323.551,2.90247,-1.20219,-0.00011
91.1456,57.176,-508.693,323.551,-2.90246,1.20220,0.00001
91.2107,57.193,-508.702,323.559,2.90246,-1.20216,0.00003
91.2761,57.189,-508.706,323.545,-2.90247,1.20217,0.00003
91.3395,57.180,-508.705,323.581,2.90242,-1.20214,-0.00003
91.4053,57.186,-508.705,323.551,2.90248,-1.20215,-0.00001
91.4702,57.187,-508.702,323.570,2.90241,-1.20220,0.00001
91.5355,57.182,-508.711,323.554,2.90246,-1.20214,-0.00002
91.6014,57.173,-508.699,323.551,-2.90245,1.20222,-0.00000
91.6662,57.189,-508.706,323.576,2.90242,-1.20217,-0.00001
91.7308,57.188,-508.698,323.551,-2.90247,1.20217,-0.00002
91.7971,57.179,-508.695,323.562,2.90245,-1.20222,0.00001
91.8607,57.175,-508.707,323.570,2.90243,-1.20221,0.00004
91.9261,57.179,-508.716,323.586,2.90241,-1.20218,0.00001
91.9915,57.167,-508.742,323.814,2.90226,-1.20218,0.00009
92.0562,57.176,-508.810,324.203,2.90205,-1.20208,0.00017
92.1222,57.170,-508.752,324.562,2.90216,-1.20212,0.00011
92.1872,57.194,-508.681,324.970,2.90245,-1.20222,-0.00000
92.2521,57.186,-508.706,325.642,2.90247,-1.20214,-0.00004
92.3167,57.201,-508.732,326.548,2.90233,-1.20219,0.00011
92.3815,57.213,-508.675,327.434,-2.90246,1.20214,-0.00005
92.4471,57.173,-508.710,328.571,2.90236,-1.20215,-0.00000
92.5131,57.172,-508.715,329.693,2.90241,-1.20210,-0.00003
92.5772,57.194,-508.720,330.560,2.90246,-1.20208,0.00004
92.6434,57.192,-508.695,331.746,-2.90245,1.20215,0.00001
92.7076,57.125,-508.689,332.932,-2.90238,1.20238,-0.00001
92.7727,57.140,-508.700,334.125,2.90231,-1.20236,0.00009
92.8385,57.148,-508.681,335.285,2.90239,-1.20236,0.00001
92.9026,57.141,-508.739,336.482,2.90227,-1.20224,0.00013
92.9682,57.136,-508.700,337.608,2.90237,-1.20236,0.00007
93.0329,57.157,-508.722,338.792,2.90235,-1.20229,0.00007
93.0993,57.170,-508.701,339.932,2.90243,-1.20224,0.00006
93.1638,57.136,-508.736,340.871,2.90222,-1.20229,0.00005
93.2293,57.164,-508.741,342.005,2.90233,-1.20216,0.00011
93.2932,57.164,-508.747,343.197,2.90226,-1.20214,0.00013
93.3585,57.171,-508.726,344.303,-2.90245,1.20222,-0.00005
93.4235,57.169,-508.725,345.533,2.90232,-1.20225,0.00007
93.4890,57.185,-508.686,346.637,-2.90244,1.20225,-0.00003
93.5545,57.172,-508.688,347.865,2.90241,-1.20227,-0.00001
93.6196,57.171,-508.679,348.963,-2.90245,1.20215,0.00007
93.6841,57.181,-508.723,350.188,2.90240,-1.20210,0.00003
93.7496,57.188,-508.704,351.323,2.90244,-1.20217,0.00001
93.8155,57.189,-508.706,352.474,2.90243,-1.20217,0.00004
93.8797,57.180,-508.690,353.364,2.90243,-1.20228,0.00001
93.9446,57.203,-508.679,354.539,-2.90245,1.20219,-0.00001
94.0101,57.197,-508.708,355.686,-2.90242,1.20221,-0.00001
94.0759,57.177,-508.729,356.940,2.90236,-1.20212,0.00006
94.1403,57.195,-508.735,358.019,2.90250,-1.20212,0.00004
94.2049,57.198,-508.748,359.212,2.90243,-1.20208,0.00008
94.2707,57.182,-508.721,360.405,2.90242,-1.20225,0.00003
94.3352,57.204,-508.687,361.533,-2.90241,1.20221,-0.00005
94.4006,57.182,-508.711,362.806,2.90230,-1.20222,0.00003
94.4655,57.205,-508.682,363.634,2.90241,-1.20218,0.00003
94.5313,57.143,-508.740,364.799,2.90231,-1.20217,0.00005
94.5957,57.130,-508.716,365.992,2.90227,-1.20231,0.00003
94.6610,57.135,-508.729,367.159,2.90225,-1.20223,0.00004
94.7271,57.153,-508.705,368.308,2.90230,-1.20232,0.00008
94.7913,57.145,-508.700,369.497,2.90236,-1.20231,-0.00001
94.8564,57.146,-508.709,370.578,-2.90240,1.20225,0.00002
94.9217,57.166,-508.710,371.790,-2.90239,1.20224,-0.00000
94.9865,57.166,-508.691,372.915,-2.90238,1.20219,0.00008
95.0517,57.153,-508.744,374.108,2.90235,-1.20230,0.00001
95.1165,57.185,-508.704,374.945,-2.90232,1.20223,-0.00000
95.1823,57.185,-508.694,376.153,-2.90234,1.20227,-0.00002
95.2475,57.165,-508.732,377.336,2.90245,-1.20218,-0.00000
95.3122,57.173,-508.732,378.544,2.90242,-1.20213,0.00001
95.3779,57.190,-508.737,379.677,2.90241,-1.20212,0.00010
95.4438,57.201,-508.702,380.840,2.90242,-1.20209,0.00001
95.5074,57.199,-508.716,382.096,2.90228,-1.20216,0.00010
95.5734,57.181,-508.651,383.183,2.90240,-1.20226,-0.00006
95.6374,57.196,-508.670,384.400,2.90240,-1.20217,0.00003
95.7030,57.194,-508.695,385.537,2.90247,-1.20215,-0.00003
95.7676,57.189,-508.713,386.392,2.90247,-1.20211,0.00002
95.8331,57.195,-508.745,387.544,2.90241,-1.20211,0.00005
95.8980,57.188,-508.747,388.724,2.90245,-1.20219,0.00003
95.9639,57.130,-508.759,389.857,-2.90240,1.20234,0.00001
96.0296,57.132,-508.737,391.083,2.90233,-1.20234,-0.00000
96.0937,57.143,-508.741,392.244,2.90245,-1.20224,-0.00002
96.1589,57.161,-508.683,393.357,-2.90239,1.20210,0.00009
96.2245,57.185,-508.676,394.632,2.90242,-1.20219,0.00008
96.2892,57.183,-508.670,395.799,2.90237,-1.20219,0.00003
96.3547,57.181,-508.667,396.945,-2.90243,1.20229,-0.00006
96.4192,57.161,-508.715,397.778,-2.90240,1.20232,-0.00001
96.4855,57.164,-508.724,398.966,2.90244,-1.20218,-0.00000
96.5499,57.162,-508.712,400.090,-2.90242,1.20208,0.00010
96.6153,57.196,-508.687,401.274,-2.90240,1.20212,0.00001
96.6814,57.182,-508.722,402.420,-2.90238,1.20218,0.00007
96.7457,57.189,-508.721,403.623,-2.90243,1.20222,-0.00004
96.8112,57.209,-508.707,404.819,2.90238,-1.20217,0.00010
96.8762,57.186,-508.708,406.021,2.90230,-1.20208,0.00009
96.9419,57.180,-508.720,407.168,2.90237,-1.20214,0.00001
97.0062,57.181,-508.707,408.325,2.90240,-1.20218,0.00001
97.0707,57.190,-508.676,409.170,-2.90240,1.20213,0.00005
97.1356,57.229,-508.674,410.410,2.90250,-1.20209,0.00006
97.2008,57.184,-508.700,411.523,-2.90247,1.20217,0.00007
97.2662,57.204,-508.687,412.682,-2.90246,1.20209,-0.00001
97.3309,57.197,-508.730,413.904,2.90239,-1.20202,0.00009
97.3964,57.116,-508.752,415.037,2.90226,-1.20232,0.00014
97.4624,57.060,-508.749,416.185,2.90226,-1.20254,0.00001
97.5265,57.061,-508.728,417.404,2.90219,-1.20255,0.00006
97.5923,57.085,-508.702,418.623,2.90218,-1.20243,0.00004
97.6570,57.101,-508.729,419.729,2.90236,-1.20237,0.00002
97.7223,57.163,-508.678,420.854,-2.90232,1.20225,0.00003
97.7872,57.176,-508.691,421.763,2.90240,-1.20220,0.00001
97.8519,57.164,-508.730,422.960,2.90237,-1.20221,0.00004
97.9174,57.169,-508.750,424.034,-2.90241,1.20221,0.00002
97.9824,57.182,-508.724,425.271,2.90238,-1.20221,0.00002
98.0476,57.187,-508.710,426.492,2.90233,-1.20209,0.00009
98.1134,57.195,-508.711,427.619,2.90239,-1.20212,0.00006
98.1780,57.178,-508.703,428.849,2.90229,-1.20215,0.00002
98.2447,57.209,-508.693,429.913,-2.90241,1.20213,0.00002
98.3093,57.173,-508.707,431.040,-2.90225,1.20217,0.00012
98.3732,57.179,-508.738,431.978,-2.90241,1.20222,0.00004
98.4386,57.178,-508.725,433.115,-2.90247,1.20214,0.00000
98.5049,57.195,-508.720,434.309,2.90241,-1.20215,0.00011
98.5686,57.202,-508.703,435.556,2.90233,-1.20204,0.00005
98.6335,57.205,-508.683,436.738,2.90226,-1.20208,0.00008
98.6992,57.159,-508.752,437.886,2.90226,-1.20229,0.00011
98.7639,57.123,-508.743,438.950,-2.90233,1.20230,0.00009
98.8300,57.130,-508.746,440.060,-2.90226,1.20228,0.00002
98.8941,57.146,-508.703,441.317,-2.90235,1.20226,-0.00000
98.9594,57.170,-508.680,442.570,2.90230,-1.20227,0.00008
99.0245,57.159,-508.660,443.433,2.90233,-1.20222,0.00005
99.0898,57.154,-508.715,444.587,2.90234,-1.20231,0.00007
99.1563,57.160,-508.755,445.682,-2.90242,1.20227,-0.00001
99.2219,57.177,-508.738,446.828,-2.90246,1.20213,0.00000
99.2847,57.168,-508.722,448.056,2.90247,-1.20214,-0.00000
99.3513,57.160,-508.713,449.265,2.90232,-1.20216,0.00004
99.4161,57.176,-508.694,450.453,2.90233,-1.20215,0.00010
99.4804,57.194,-508.691,451.594,2.90237,-1.20212,0.00002
99.5464,57.187,-508.716,452.713,2.90246,-1.20222,-0.00002
99.6120,57.182,-508.694,453.892,-2.90248,1.20215,0.00003
99.6771,57.202,-508.690,455.039,-2.90239,1.20214,-0.00003
99.7420,57.208,-508.684,455.932,-2.90242,1.20213,-0.00001
99.8066,57.195,-508.663,457.145,2.90247,-1.20218,-0.00004
99.8713,57.197,-508.701,458.312,2.90235,-1.20224,0.00009
99.9360,57.182,-508.715,459.512,2.90235,-1.20216,0.00004
100.0031,57.170,-508.755,460.630,2.90231,-1.20221,0.00003
100.0663,57.191,-508.765,461.807,2.90238,-1.20202,0.00007
100.1317,57.161,-508.742,463.051,2.90221,-1.20214,0.00007
100.1971,57.131,-508.712,464.190,2.90222,-1.20231,0.00010
100.2626,57.138,-508.693,465.338,2.90234,-1.20231,0.00006
100.3273,57.109,-508.735,466.124,-2.90222,1.20238,0.00004
100.3925,57.112,-508.742,467.259,-2.90218,1.20235,0.00006
100.4583,57.147,-508.710,468.434,-2.90232,1.20215,0.00002
100.5237,57.139,-508.668,469.756,2.90230,-1.20229,0.00005
100.5884,57.149,-508.667,470.897,2.90229,-1.20225,0.00005
100.6543,57.166,-508.712,471.823,-2.90242,1.20224,-0.00000
100.7176,57.155,-508.776,472.611,-2.90236,1.20227,0.00000
100.7838,57.159,-508.763,473.353,-2.90238,1.20226,-0.00003
100.8477,57.172,-508.683,474.059,2.90239,-1.20221,0.00007
100.9140,57.187,-508.636,474.511,2.90233,-1.20224,0.00006
100.9790,57.183,-508.642,474.862,2.90211,-1.20213,0.00019
101.0453,57.189,-508.674,475.066,2.90216,-1.20198,0.00009
101.1087,57.152,-508.688,475.017,2.90236,-1.20224,0.00002
101.1743,57.169,-508.675,474.961,-2.90236,1.20219,0.00003
101.2393,57.176,-508.690,474.923,-2.90230,1.20216,0.00004
101.3045,57.167,-508.686,474.951,-2.90234,1.20222,0.00004
101.3690,57.148,-508.713,474.966,-2.90240,1.20224,0.00003
101.4355,57.165,-508.704,474.993,-2.90239,1.20230,0.00001
101.5008,57.175,-508.696,475.009,2.90246,-1.20216,0.00003
101.5654,57.160,-508.697,475.002,2.90243,-1.20228,0.00001
101.6305,57.172,-508.691,475.016,2.90244,-1.20222,-0.00003
101.6948,57.166,-508.698,475.020,2.90240,-1.20224,0.00002
101.7616,57.158,-508.707,474.982,-2.90239,1.20224,0.00002
101.8261,57.163,-508.713,475.003,2.90241,-1.20227,0.00001
101.8909,57.158,-508.691,475.015,2.90243,-1.20228,-0.00001
101.9560,57.170,-508.705,474.991,-2.90245,1.20222,0.00004
102.0217,57.155,-508.712,475.025,2.90239,-1.20224,0.00005
102.0855,57.168,-508.697,475.000,-2.90245,1.20222,0.00002
102.1511,57.160,-508.690,475.005,-2.90246,1.20221,0.00003
102.2169,57.159,-508.701,475.024,2.90239,-1.20226,-0.00001
102.2808,57.166,-508.714,475.022,2.90237,-1.20225,0.00001
102.3459,57.165,-508.722,475.024,2.90234,-1.20226,0.00006
102.4119,57.175,-508.707,475.014,2.90243,-1.20215,-0.00001
102.4771,57.187,-508.698,475.006,-2.90245,1.20224,-0.00002
102.5425,57.162,-508.700,475.018,2.90239,-1.20228,0.00000
102.6069,57.151,-508.712,475.013,2.90240,-1.20226,-0.00002
102.6727,57.152,-508.710,474.992,-2.90238,1.20232,0.00001
102.7378,57.165,-508.698,474.999,-2.90244,1.20224,0.00004
102.8015,57.177,-508.700,475.002,2.90247,-1.20219,0.00001
102.8684,57.149,-508.716,475.003,2.90243,-1.20221,-0.00006
102.9319,57.161,-508.708,474.997,2.90244,-1.20226,-0.00001
102.9987,57.185,-508.711,475.033,2.90237,-1.20219,0.00006
103.0634,57.175,-508.697,475.037,2.90239,-1.20218,0.00006
103.1285,57.149,-508.712,475.022,2.90235,-1.20230,0.00005
103.1926,57.150,-508.700,475.006,2.90243,-1.20229,-0.00001
103.2581,57.173,-508.690,475.015,2.90244,-1.20226,0.00001
103.3231,57.174,-508.711,475.005,-2.90245,1.20224,-0.00006
103.3888,57.156,-508.698,474.988,-2.90240,1.20226,0.00003
103.4541,57.164,-508.703,475.010,2.90243,-1.20217,-0.00002
103.5190,57.165,-508.703,475.026,2.90239,-1.20221,0.00003
103.5850,57.187,-508.704,475.015,2.90244,-1.20226,0.00006
103.6485,57.168,-508.698,475.006,2.90248,-1.20215,-0.00001
103.7134,57.171,-508.711,474.992,-2.90239,1.20228,-0.00006
103.7801,57.159,-508.710,475.011,2.90242,-1.20231,0.00008
103.8441,57.157,-508.697,475.017,2.90241,-1.20227,-0.00000
103.9098,57.171,-508.703,474.993,-2.90242,1.20223,0.00001
103.9744,57.177,-508.707,474.994,-2.90243,1.20223,-0.00003
104.0409,57.168,-508.702,475.029,2.90239,-1.20222,0.00001
104.1054,57.144,-508.704,475.011,2.90242,-1.20229,0.00003
