schema_version,legacy_top_level_metric_mode,frame_index,reference_timestamp,elapsed_s,tcp_z_m,sensor_z_m,real_valid_zones,sim_valid_zones,real_mean_distance_mm,sim_mean_distance_mm,paired_valid_zones,mae_mm,bias_mm,no_return_iou,raw_real_valid_zones,raw_sim_valid_zones,raw_real_mean_distance_mm,raw_sim_mean_distance_mm,raw_paired_valid_zones,raw_mae_mm,raw_bias_mm,raw_no_return_iou,projected_real_valid_zones,projected_sim_valid_zones,projected_real_mean_distance_mm,projected_sim_mean_distance_mm,projected_paired_valid_zones,projected_mae_mm,projected_bias_mm,projected_no_return_iou
shape-replay-v2,raw,0,2026-06-28T15:41:44.273,0.0,0.18828359760845356,0.0982266358058603,60,64,90.95,91.28125,60,14.5,1.2333333333333334,0.0,60,64,90.95,91.28125,60,14.5,1.2333333333333334,0.0,60,64,90.95,85.5625,60,13.833333333333334,-4.466666666666667,0.0
shape-replay-v2,raw,1,2026-06-28T15:41:44.367,0.093994140625,0.1936923867182756,0.10363542491568234,61,64,96.01639344262296,91.28125,61,15.508196721311476,-4.0,0.0,61,64,96.01639344262296,91.28125,61,15.508196721311476,-4.0,0.0,61,64,96.01639344262296,85.5625,61,16.131147540983605,-9.704918032786885,0.0
shape-replay-v2,raw,2,2026-06-28T15:41:44.466,0.19300079345703125,0.20514108331116687,0.11508412150857361,63,64,109.58730158730158,102.859375,63,19.92063492063492,-6.4603174603174605,0.0,63,64,109.58730158730158,102.859375,63,19.92063492063492,-6.4603174603174605,0.0,63,64,109.58730158730158,96.609375,63,20.238095238095237,-12.714285714285714,0.0
shape-replay-v2,raw,3,2026-06-28T15:41:44.558,0.28499603271484375,0.2128155618885918,0.12275860008599854,64,62,119.3125,108.79032258064517,62,15.403225806451612,-11.951612903225806,0.0,64,62,119.3125,108.79032258064517,62,15.403225806451612,-11.951612903225806,0.0,64,62,119.3125,102.48387096774194,62,19.258064516129032,-18.258064516129032,0.0
shape-replay-v2,raw,4,2026-06-28T15:41:44.651,0.37799835205078125,0.2168430276810665,0.12678606587847324,64,64,122.140625,109.875,64,23.296875,-12.265625,1.0,64,64,122.140625,109.875,64,23.296875,-12.265625,1.0,64,64,122.140625,103.25,64,24.359375,-18.890625,1.0
shape-replay-v2,raw,5,2026-06-28T15:41:44.746,0.47299957275390625,0.21705178433052888,0.12699482252793562,63,63,122.76190476190476,110.65079365079364,62,16.548387096774192,-12.96774193548387,0.0,63,63,122.76190476190476,110.65079365079364,62,16.548387096774192,-12.96774193548387,0.0,63,63,122.76190476190476,104.2063492063492,62,20.56451612903226,-19.370967741935484,0.0
shape-replay-v2,raw,6,2026-06-28T15:41:44.859,0.58599853515625,0.2170331156159514,0.12697615381335814,64,62,122.953125,111.20967741935483,62,22.70967741935484,-11.774193548387096,0.0,64,62,122.953125,111.20967741935483,62,22.70967741935484,-11.774193548387096,0.0,64,62,122.953125,104.69354838709677,62,23.903225806451612,-18.29032258064516,0.0
shape-replay-v2,raw,7,2026-06-28T15:41:44.958,0.68499755859375,0.21707571389323227,0.127018752090639,63,64,122.11111111111111,109.765625,63,22.333333333333332,-12.015873015873016,0.0,63,64,122.11111111111111,109.765625,63,22.333333333333332,-12.015873015873016,0.0,63,64,122.11111111111111,103.171875,63,22.984126984126984,-18.603174603174605,0.0
shape-replay-v2,raw,8,2026-06-28T15:41:45.053,0.779998779296875,0.2170624886788156,0.12700552687622235,64,64,122.75,110.125,64,23.5625,-12.625,1.0,64,64,122.75,110.125,64,23.5625,-12.625,1.0,64,64,122.75,103.53125,64,24.5,-19.21875,1.0
shape-replay-v2,raw,9,2026-06-28T15:41:45.147,0.8740005493164062,0.21706057243961047,0.1270036106370172,64,64,122.875,110.359375,64,23.265625,-12.515625,1.0,64,64,122.875,110.359375,64,23.265625,-12.515625,1.0,64,64,122.875,103.640625,64,24.484375,-19.234375,1.0
shape-replay-v2,raw,10,2026-06-28T15:41:45.244,0.9710006713867188,0.21707897584788577,0.1270220140452925,64,63,122.9375,110.87301587301587,63,16.58730158730159,-13.031746031746032,0.0,64,63,122.9375,110.87301587301587,63,16.58730158730159,-13.031746031746032,0.0,64,63,122.9375,104.38095238095238,63,20.444444444444443,-19.523809523809526,0.0
shape-replay-v2,raw,11,2026-06-28T15:41:45.340,1.0669937133789062,0.21703760276798728,0.12698064096539402,64,64,123.3125,110.171875,64,24.078125,-13.140625,1.0,64,64,123.3125,110.171875,64,24.078125,-13.140625,1.0,64,64,123.3125,103.5,64,25.4375,-19.8125,1.0
shape-replay-v2,raw,12,2026-06-28T15:41:45.437,1.1639938354492188,0.21703951900687987,0.1269825572042866,64,62,123.484375,111.54838709677419,62,16.5,-13.241935483870968,0.0,64,62,123.484375,111.54838709677419,62,16.5,-13.241935483870968,0.0,64,62,123.484375,105.08064516129032,62,20.741935483870968,-19.70967741935484,0.0
shape-replay-v2,raw,13,2026-06-28T15:41:45.536,1.26300048828125,0.21704917409766783,0.12699221229507457,64,63,122.4375,110.38095238095238,63,16.38095238095238,-12.984126984126984,0.0,64,63,122.4375,110.38095238095238,63,16.38095238095238,-12.984126984126984,0.0,64,63,122.4375,103.92063492063492,63,20.49206349206349,-19.444444444444443,0.0
shape-replay-v2,raw,14,2026-06-28T15:41:45.657,1.3839950561523438,0.2170552632256424,0.12699830142304913,64,63,123.359375,109.96825396825396,63,23.349206349206348,-13.19047619047619,0.0,64,63,123.359375,109.96825396825396,63,23.349206349206348,-13.19047619047619,0.0,64,63,123.359375,103.31746031746032,63,24.6984126984127,-19.841269841269842,0.0
shape-replay-v2,raw,15,2026-06-28T15:41:45.731,1.4580001831054688,0.21704804341610628,0.12699108161351302,64,64,122.765625,110.09375,64,23.390625,-12.671875,1.0,64,64,122.765625,110.09375,64,23.390625,-12.671875,1.0,64,64,122.765625,103.4375,64,24.828125,-19.328125,1.0
shape-replay-v2,raw,16,2026-06-28T15:41:45.832,1.5589981079101562,0.2170682704693691,0.12701130866677585,63,63,122.5079365079365,110.88888888888889,62,22.403225806451612,-11.53225806451613,0.0,63,63,122.5079365079365,110.88888888888889,62,22.403225806451612,-11.53225806451613,0.0,63,63,122.5079365079365,104.3015873015873,62,23.35483870967742,-18.096774193548388,0.0
shape-replay-v2,raw,17,2026-06-28T15:41:45.940,1.6669998168945312,0.21705065278395563,0.12699369098136237,64,63,124.15625,110.88888888888889,63,23.158730158730158,-13.507936507936508,0.0,64,63,124.15625,110.88888888888889,63,23.158730158730158,-13.507936507936508,0.0,64,63,124.15625,104.3015873015873,63,24.571428571428573,-20.095238095238095,0.0
shape-replay-v2,raw,18,2026-06-28T15:41:46.035,1.7620010375976562,0.21706479074025897,0.1270078289376657,64,64,123.734375,109.96875,64,23.671875,-13.765625,1.0,64,64,123.734375,109.96875,64,23.671875,-13.765625,1.0,64,64,123.734375,103.28125,64,25.078125,-20.453125,1.0
shape-replay-v2,raw,19,2026-06-28T15:41:46.131,1.8579940795898438,0.21706461903577462,0.12700765723318136,64,63,123.015625,110.46031746031746,63,16.46031746031746,-13.53968253968254,0.0,64,63,123.015625,110.46031746031746,63,16.46031746031746,-13.53968253968254,0.0,64,63,123.015625,103.88888888888889,63,21.063492063492063,-20.11111111111111,0.0
shape-replay-v2,raw,20,2026-06-28T15:41:46.228,1.9549942016601562,0.21706549175201253,0.12700852994941927,63,62,122.38095238095238,110.59677419354838,61,20.868852459016395,-10.901639344262295,0.0,63,62,122.38095238095238,110.59677419354838,61,20.868852459016395,-10.901639344262295,0.0,63,62,122.38095238095238,104.06451612903226,61,22.18032786885246,-17.42622950819672,0.0
shape-replay-v2,raw,21,2026-06-28T15:41:46.323,2.0499954223632812,0.22011577119600195,0.1300588093934087,64,63,126.703125,112.12698412698413,63,23.746031746031747,-14.380952380952381,0.0,64,63,126.703125,112.12698412698413,63,23.746031746031747,-14.380952380952381,0.0,64,63,126.703125,105.53968253968254,63,25.41269841269841,-20.96825396825397,0.0
shape-replay-v2,raw,22,2026-06-28T15:41:46.421,2.1479949951171875,0.2277141006993777,0.13765713889678444,37,61,126.67567567567568,118.50819672131148,37,21.35135135135135,-4.8108108108108105,0.1111111111111111,37,61,126.67567567567568,118.50819672131148,37,21.35135135135135,-4.8108108108108105,0.1111111111111111,37,61,126.67567567567568,111.44262295081967,37,21.08108108108108,-11.72972972972973,0.1111111111111111
shape-replay-v2,raw,23,2026-06-28T15:41:46.518,2.2449951171875,0.2384995254583285,0.14844256365573524,17,62,137.8235294117647,127.3225806451613,17,17.529411764705884,-8.352941176470589,0.0425531914893617,17,62,137.8235294117647,127.3225806451613,17,17.529411764705884,-8.352941176470589,0.0425531914893617,17,62,137.8235294117647,119.35483870967742,17,21.176470588235293,-16.941176470588236,0.0425531914893617
shape-replay-v2,raw,24,2026-06-28T15:41:46.616,2.3429946899414062,0.24554148177343396,0.1554845199708407,18,64,148.55555555555554,134.546875,18,21.333333333333332,-18.333333333333332,0.0,18,64,148.55555555555554,134.546875,18,21.333333333333332,-18.333333333333332,0.0,18,64,148.55555555555554,126.15625,18,28.555555555555557,-27.444444444444443,0.0
shape-replay-v2,raw,25,2026-06-28T15:41:46.714,2.4409942626953125,0.2470614389477377,0.15700447714514443,19,62,151.52631578947367,136.8709677419355,19,22.210526315789473,-19.68421052631579,0.044444444444444446,19,62,151.52631578947367,136.8709677419355,19,22.210526315789473,-19.68421052631579,0.044444444444444446,19,62,151.52631578947367,128.24193548387098,19,28.789473684210527,-28.473684210526315,0.044444444444444446
shape-replay-v2,raw,26,2026-06-28T15:41:46.852,2.5789947509765625,0.2470253342602789,0.15696837245768563,18,63,151.66666666666666,137.14285714285714,18,21.944444444444443,-20.055555555555557,0.021739130434782608,18,63,151.66666666666666,137.14285714285714,18,21.944444444444443,-20.055555555555557,0.021739130434782608,18,63,151.66666666666666,128.63492063492063,18,29.444444444444443,-29.11111111111111,0.021739130434782608
shape-replay-v2,raw,27,2026-06-28T15:41:46.946,2.6729965209960938,0.24700984518340627,0.156952883380813,18,61,150.72222222222223,137.13114754098362,18,21.38888888888889,-19.61111111111111,0.06521739130434782,18,61,150.72222222222223,137.13114754098362,18,21.38888888888889,-19.61111111111111,0.06521739130434782,18,61,150.72222222222223,128.52459016393442,18,28.666666666666668,-28.666666666666668,0.06521739130434782
shape-replay-v2,raw,28,2026-06-28T15:41:47.039,2.7659988403320312,0.24702959228009685,0.1569726304775036,18,62,150.77777777777777,137.1451612903226,18,22.38888888888889,-20.833333333333332,0.043478260869565216,18,62,150.77777777777777,137.1451612903226,18,22.38888888888889,-20.833333333333332,0.043478260869565216,18,62,150.77777777777777,128.5483870967742,18,29.77777777777778,-29.77777777777778,0.043478260869565216
shape-replay-v2,raw,29,2026-06-28T15:41:47.138,2.8649978637695312,0.2470395955806509,0.15698263377805763,19,61,151.47368421052633,137.2295081967213,19,19.68421052631579,-18.63157894736842,0.06666666666666667,19,61,151.47368421052633,137.2295081967213,19,19.68421052631579,-18.63157894736842,0.06666666666666667,19,61,151.47368421052633,128.55737704918033,19,27.57894736842105,-27.57894736842105,0.06666666666666667
shape-replay-v2,raw,30,2026-06-28T15:41:47.232,2.9589996337890625,0.24704716447128905,0.1569902026686958,18,63,151.72222222222223,136.46031746031747,18,22.333333333333332,-20.555555555555557,0.021739130434782608,18,63,151.72222222222223,136.46031746031747,18,22.333333333333332,-20.555555555555557,0.021739130434782608,18,63,151.72222222222223,127.84126984126983,18,29.77777777777778,-29.666666666666668,0.021739130434782608
shape-replay-v2,raw,31,2026-06-28T15:41:47.331,3.0579986572265625,0.24704294778768626,0.156985985985093,18,63,150.38888888888889,136.984126984127,18,22.166666666666668,-19.833333333333332,0.021739130434782608,18,63,150.38888888888889,136.984126984127,18,22.166666666666668,-19.833333333333332,0.021739130434782608,18,63,150.38888888888889,128.4126984126984,18,29.38888888888889,-28.944444444444443,0.021739130434782608
shape-replay-v2,raw,32,2026-06-28T15:41:47.428,3.154998779296875,0.24705821764695818,0.15700125584436492,18,61,151.0,137.9016393442623,18,23.11111111111111,-20.555555555555557,0.06521739130434782,18,61,151.0,137.9016393442623,18,23.11111111111111,-20.555555555555557,0.06521739130434782,18,61,151.0,129.21311475409837,18,29.88888888888889,-29.444444444444443,0.06521739130434782
shape-replay-v2,raw,33,2026-06-28T15:41:47.522,3.2490005493164062,0.24704290622163302,0.15698594441903976,18,62,151.61111111111111,137.56451612903226,18,22.944444444444443,-21.72222222222222,0.043478260869565216,18,62,151.61111111111111,137.56451612903226,18,22.944444444444443,-21.72222222222222,0.043478260869565216,18,62,151.61111111111111,129.0483870967742,18,30.555555555555557,-30.555555555555557,0.043478260869565216
shape-replay-v2,raw,34,2026-06-28T15:41:47.612,3.3389968872070312,0.24703298346841468,0.15697602166582142,18,63,151.61111111111111,136.23809523809524,18,22.61111111111111,-21.833333333333332,0.021739130434782608,18,63,151.61111111111111,136.23809523809524,18,22.61111111111111,-21.833333333333332,0.021739130434782608,18,63,151.61111111111111,127.60317460317461,18,30.833333333333332,-30.833333333333332,0.021739130434782608
shape-replay-v2,raw,35,2026-06-28T15:41:47.756,3.4829940795898438,0.2470529557503664,0.15699599394777314,17,64,149.94117647058823,135.953125,17,22.0,-20.352941176470587,0.0,17,64,149.94117647058823,135.953125,17,22.0,-20.352941176470587,0.0,17,64,149.94117647058823,127.34375,17,30.0,-30.0,0.0
shape-replay-v2,raw,36,2026-06-28T15:41:47.797,3.5239944458007812,0.247067134721344,0.15701017291875075,18,64,152.66666666666666,136.5625,18,23.944444444444443,-22.61111111111111,0.0,18,64,152.66666666666666,136.5625,18,23.944444444444443,-22.61111111111111,0.0,18,64,152.66666666666666,127.828125,18,31.77777777777778,-31.77777777777778,0.0
shape-replay-v2,raw,37,2026-06-28T15:41:47.895,3.6219940185546875,0.24709228134349542,0.15703531954090216,18,64,152.11111111111111,135.359375,18,23.72222222222222,-22.61111111111111,0.0,18,64,152.11111111111111,135.359375,18,23.72222222222222,-22.61111111111111,0.0,18,64,152.11111111111111,126.828125,18,31.666666666666668,-31.666666666666668,0.0
shape-replay-v2,raw,38,2026-06-28T15:41:47.994,3.7210006713867188,0.2470747913628008,0.15701782956020754,18,64,151.38888888888889,136.140625,18,22.0,-20.333333333333332,0.0,18,64,151.38888888888889,136.140625,18,22.0,-20.333333333333332,0.0,18,64,151.38888888888889,127.59375,18,29.444444444444443,-29.444444444444443,0.0
shape-replay-v2,raw,39,2026-06-28T15:41:48.092,3.819000244140625,0.2470350718792377,0.15697811007664444,18,64,152.0,136.140625,18,22.5,-20.944444444444443,0.0,18,64,152.0,136.140625,18,22.5,-20.944444444444443,0.0,18,64,152.0,127.59375,18,30.055555555555557,-30.055555555555557,0.0
shape-replay-v2,raw,40,2026-06-28T15:41:48.190,3.9169998168945312,0.24707601033653864,0.15701904853394538,18,63,150.55555555555554,136.06349206349208,18,23.444444444444443,-20.88888888888889,0.021739130434782608,18,63,150.55555555555554,136.06349206349208,18,23.444444444444443,-20.88888888888889,0.021739130434782608,18,63,150.55555555555554,127.44444444444444,18,30.944444444444443,-29.833333333333332,0.021739130434782608
shape-replay-v2,raw,41,2026-06-28T15:41:48.328,4.055000305175781,0.24985051699848365,0.1597935551958904,19,63,151.8421052631579,139.87301587301587,19,22.263157894736842,-20.263157894736842,0.022222222222222223,19,63,151.8421052631579,139.87301587301587,19,22.263157894736842,-20.263157894736842,0.022222222222222223,19,63,151.8421052631579,131.03174603174602,19,30.05263157894737,-29.42105263157895,0.022222222222222223
shape-replay-v2,raw,42,2026-06-28T15:41:48.427,4.153999328613281,0.2569505033565478,0.16689354155395453,20,63,163.0,148.9206349206349,20,25.6,-15.4,0.022727272727272728,20,63,163.0,148.9206349206349,20,25.6,-15.4,0.022727272727272728,20,63,163.0,139.20634920634922,20,29.35,-28.35,0.022727272727272728
shape-replay-v2,raw,43,2026-06-28T15:41:48.522,4.249000549316406,0.26783545906560424,0.17777849726301098,24,63,174.375,162.77777777777777,23,30.91304347826087,-14.565217391304348,0.0,24,63,174.375,162.77777777777777,23,30.91304347826087,-14.565217391304348,0.0,24,63,174.375,151.96825396825398,23,30.695652173913043,-29.043478260869566,0.0
shape-replay-v2,raw,44,2026-06-28T15:41:48.619,4.346000671386719,0.2747712448246032,0.18471428302200993,34,60,185.2058823529412,177.55,31,24.419354838709676,-1.064516129032258,0.030303030303030304,34,60,185.2058823529412,177.55,31,24.419354838709676,-1.064516129032258,0.030303030303030304,34,60,185.2058823529412,165.6,31,18.93548387096774,-16.870967741935484,0.030303030303030304
shape-replay-v2,raw,45,2026-06-28T15:41:48.709,4.435997009277344,0.2770919829490565,0.18703502114646325,33,63,188.4848484848485,178.38095238095238,32,25.8125,-5.0,0.0,33,63,188.4848484848485,178.38095238095238,32,25.8125,-5.0,0.0,33,63,188.4848484848485,166.44444444444446,32,22.4375,-21.5,0.0
shape-replay-v2,raw,46,2026-06-28T15:41:48.811,4.537994384765625,0.27705650067466675,0.1869995388720735,34,64,189.88235294117646,177.59375,34,26.529411764705884,-7.529411764705882,0.0,34,64,189.88235294117646,177.59375,34,26.529411764705884,-7.529411764705882,0.0,34,64,189.88235294117646,165.703125,34,24.441176470588236,-23.558823529411764,0.0
shape-replay-v2,raw,47,2026-06-28T15:41:48.908,4.6349945068359375,0.2770136715418616,0.1869567097392683,34,64,189.02941176470588,178.46875,34,26.029411764705884,-6.264705882352941,0.0,34,64,189.02941176470588,178.46875,34,26.029411764705884,-6.264705882352941,0.0,34,64,189.02941176470588,166.5,34,23.38235294117647,-22.264705882352942,0.0
shape-replay-v2,raw,48,2026-06-28T15:41:48.998,4.724998474121094,0.27702484930249416,0.1869678874999009,33,62,188.84848484848484,178.93548387096774,31,23.70967741935484,-4.354838709677419,0.0,33,62,188.84848484848484,178.93548387096774,31,23.70967741935484,-4.354838709677419,0.0,33,62,188.84848484848484,167.11290322580646,31,21.419354838709676,-20.903225806451612,0.0
shape-replay-v2,raw,49,2026-06-28T15:41:49.098,4.8249969482421875,0.2770613061681081,0.18700434436551483,33,63,188.84848484848484,178.46031746031747,32,25.0625,-4.5625,0.0,33,63,188.84848484848484,178.46031746031747,32,25.0625,-4.5625,0.0,33,63,188.84848484848484,166.5079365079365,32,21.65625,-21.09375,0.0
shape-replay-v2,raw,50,2026-06-28T15:41:49.190,4.916999816894531,0.2770389901919791,0.18698202838938582,34,63,189.05882352941177,179.23809523809524,33,26.303030303030305,-4.424242424242424,0.0,34,63,189.05882352941177,179.23809523809524,33,26.303030303030305,-4.424242424242424,0.0,34,63,189.05882352941177,167.22222222222223,33,21.151515151515152,-20.727272727272727,0.0
shape-replay-v2,raw,51,2026-06-28T15:41:49.279,5.0059967041015625,0.2770584392241543,0.18700147742156104,33,63,187.93939393939394,179.23809523809524,32,27.34375,-3.28125,0.0,33,63,187.93939393939394,179.23809523809524,32,27.34375,-3.28125,0.0,33,63,187.93939393939394,167.22222222222223,32,21.125,-20.0,0.0
shape-replay-v2,raw,52,2026-06-28T15:41:49.380,5.10699462890625,0.27705195826396023,0.18699499646136697,33,62,188.66666666666666,178.32258064516128,32,24.90625,-5.34375,0.03125,33,62,188.66666666666666,178.32258064516128,32,24.90625,-5.34375,0.03125,33,62,188.66666666666666,166.2741935483871,32,22.6875,-21.75,0.03125
shape-replay-v2,raw,53,2026-06-28T15:41:49.472,5.198997497558594,0.2770407941092731,0.18698383230667986,33,63,189.6060606060606,178.38095238095238,32,26.3125,-5.875,0.0,33,63,189.6060606060606,178.38095238095238,32,26.3125,-5.875,0.0,33,63,189.6060606060606,166.46031746031747,32,23.15625,-22.34375,0.0
shape-replay-v2,raw,54,2026-06-28T15:41:49.567,5.293998718261719,0.2770600475250762,0.18700308572248292,33,63,188.66666666666666,178.46031746031747,32,25.65625,-3.96875,0.0,33,63,188.66666666666666,178.46031746031747,32,25.65625,-3.96875,0.0,33,63,188.66666666666666,166.44444444444446,32,22.59375,-20.59375,0.0
shape-replay-v2,raw,55,2026-06-28T15:41:49.668,5.394996643066406,0.27703664347187096,0.1869796816692777,34,62,189.11764705882354,179.48387096774192,32,25.71875,-3.90625,0.0,34,62,189.11764705882354,179.48387096774192,32,25.71875,-3.90625,0.0,34,62,189.11764705882354,167.40322580645162,32,21.40625,-20.15625,0.0
shape-replay-v2,raw,56,2026-06-28T15:41:49.792,5.5189971923828125,0.2770617626394281,0.18700480083683485,34,64,189.6764705882353,178.015625,34,26.264705882352942,-7.029411764705882,0.0,34,64,189.6764705882353,178.015625,34,26.264705882352942,-7.029411764705882,0.0,34,64,189.6764705882353,166.0,34,23.970588235294116,-23.08823529411765,0.0
shape-replay-v2,raw,57,2026-06-28T15:41:49.862,5.588996887207031,0.27705547754287024,0.18699851574027698,34,63,189.05882352941177,178.4920634920635,33,25.545454545454547,-5.242424242424242,0.0,34,63,189.05882352941177,178.4920634920635,33,25.545454545454547,-5.242424242424242,0.0,34,63,189.05882352941177,166.55555555555554,33,22.060606060606062,-21.333333333333332,0.0
shape-replay-v2,raw,58,2026-06-28T15:41:49.962,5.688995361328125,0.2770697286312116,0.18701276682861834,34,63,189.3235294117647,178.4920634920635,33,24.90909090909091,-5.393939393939394,0.0,34,63,189.3235294117647,178.4920634920635,33,24.90909090909091,-5.393939393939394,0.0,34,63,189.3235294117647,166.55555555555554,33,22.151515151515152,-21.484848484848484,0.0
shape-replay-v2,raw,59,2026-06-28T15:41:50.066,5.792999267578125,0.27704192222422014,0.18698496042162688,33,61,189.12121212121212,179.50819672131146,31,26.258064516129032,-4.0,0.030303030303030304,33,61,189.12121212121212,179.50819672131146,31,26.258064516129032,-4.0,0.030303030303030304,33,61,189.12121212121212,167.37704918032787,31,21.451612903225808,-20.677419354838708,0.030303030303030304
shape-replay-v2,raw,60,2026-06-28T15:41:50.162,5.888999938964844,0.2770640693469162,0.18700710754432293,34,62,189.64705882352942,179.33870967741936,32,24.5625,-3.9375,0.0,34,62,189.64705882352942,179.33870967741936,32,24.5625,-3.9375,0.0,34,62,189.64705882352942,167.48387096774192,32,21.15625,-20.15625,0.0
shape-replay-v2,raw,61,2026-06-28T15:41:50.260,5.98699951171875,0.27706713671184663,0.18701017490925337,33,62,188.45454545454547,179.09677419354838,31,26.451612903225808,-3.2903225806451615,0.0,33,62,188.45454545454547,179.09677419354838,31,26.451612903225808,-3.2903225806451615,0.0,33,62,188.45454545454547,167.11290322580646,31,21.774193548387096,-20.161290322580644,0.0
shape-replay-v2,raw,62,2026-06-28T15:41:50.355,6.082000732421875,0.28020433251420646,0.1901473707116132,34,64,193.2058823529412,181.5,34,26.823529411764707,-6.470588235294118,0.0,34,64,193.2058823529412,181.5,34,26.823529411764707,-6.470588235294118,0.0,34,64,193.2058823529412,169.296875,34,23.08823529411765,-22.794117647058822,0.0
shape-replay-v2,raw,63,2026-06-28T15:41:50.452,6.1790008544921875,0.28769272036846183,0.19763575856586857,39,64,202.97435897435898,194.125,39,25.46153846153846,-4.435897435897436,0.0,39,64,202.97435897435898,194.125,39,25.46153846153846,-4.435897435897436,0.0,39,64,202.97435897435898,181.125,39,22.487179487179485,-21.666666666666668,0.0
shape-replay-v2,raw,64,2026-06-28T15:41:50.552,6.278999328613281,0.29928283151284496,0.2092258697102517,43,63,214.27906976744185,210.63492063492063,43,24.813953488372093,1.7906976744186047,0.047619047619047616,43,63,214.27906976744185,210.63492063492063,43,24.813953488372093,1.7906976744186047,0.047619047619047616,43,63,214.27906976744185,196.25396825396825,43,18.325581395348838,-16.6046511627907,0.047619047619047616
shape-replay-v2,raw,65,2026-06-28T15:41:50.650,6.3769989013671875,0.30540957709102473,0.21535261528843147,48,62,221.39583333333334,216.46774193548387,47,23.085106382978722,0.5319148936170213,0.058823529411764705,48,62,221.39583333333334,216.46774193548387,47,23.085106382978722,0.5319148936170213,0.058823529411764705,48,62,221.39583333333334,201.5483870967742,47,18.659574468085108,-17.51063829787234,0.058823529411764705
shape-replay-v2,raw,66,2026-06-28T15:41:50.748,6.474998474121094,0.3069479497023801,0.21689098789978684,46,62,221.54347826086956,217.75806451612902,46,24.847826086956523,1.8478260869565217,0.1111111111111111,46,62,221.54347826086956,217.75806451612902,46,24.847826086956523,1.8478260869565217,0.1111111111111111,46,62,221.54347826086956,202.61290322580646,46,18.32608695652174,-16.847826086956523,0.1111111111111111
shape-replay-v2,raw,67,2026-06-28T15:41:50.847,6.573997497558594,0.306968962705463,0.21691200090286972,46,61,221.2608695652174,219.85245901639345,45,23.622222222222224,5.311111111111111,0.10526315789473684,46,61,221.2608695652174,219.85245901639345,45,23.622222222222224,5.311111111111111,0.10526315789473684,46,61,221.2608695652174,204.52459016393442,45,15.933333333333334,-13.666666666666666,0.10526315789473684
shape-replay-v2,raw,68,2026-06-28T15:41:50.945,6.6719970703125,0.30696441492319726,0.216907453120604,47,64,221.5744680851064,217.5625,47,25.78723404255319,2.297872340425532,0.0,47,64,221.5744680851064,217.5625,47,25.78723404255319,2.297872340425532,0.0,47,64,221.5744680851064,202.75,47,17.425531914893618,-16.106382978723403,0.0
shape-replay-v2,raw,69,2026-06-28T15:41:51.043,6.769996643066406,0.3069975883703405,0.21694062656774726,47,63,222.2340425531915,218.46031746031747,46,25.32608695652174,2.4130434782608696,0.0,47,63,222.2340425531915,218.46031746031747,46,25.32608695652174,2.4130434782608696,0.0,47,63,222.2340425531915,203.57142857142858,46,17.695652173913043,-16.17391304347826,0.0
shape-replay-v2,raw,70,2026-06-28T15:41:51.142,6.868995666503906,0.30702484870652547,0.2169678869039322,47,63,222.12765957446808,217.46031746031747,47,24.851063829787233,1.6595744680851063,0.058823529411764705,47,63,222.12765957446808,217.46031746031747,47,24.851063829787233,1.6595744680851063,0.058823529411764705,47,63,222.12765957446808,202.61904761904762,47,17.93617021276596,-16.617021276595743,0.058823529411764705
shape-replay-v2,raw,71,2026-06-28T15:41:51.239,6.965995788574219,0.30708160387974087,0.2170246420771476,48,63,222.16666666666666,217.82539682539684,48,24.875,0.7916666666666666,0.0625,48,63,222.16666666666666,217.82539682539684,48,24.875,0.7916666666666666,0.0625,48,63,222.16666666666666,202.9047619047619,48,18.625,-17.208333333333332,0.0625
shape-replay-v2,raw,72,2026-06-28T15:41:51.377,7.103996276855469,0.30710542216312725,0.217048460360534,45,61,221.4,219.24590163934425,43,23.88372093023256,6.953488372093023,0.047619047619047616,45,61,221.4,219.24590163934425,43,23.88372093023256,6.953488372093023,0.047619047619047616,45,61,221.4,204.0655737704918,43,14.418604651162791,-12.55813953488372,0.047619047619047616
shape-replay-v2,raw,73,2026-06-28T15:41:51.465,7.191993713378906,0.30707333498355965,0.2170163731809664,46,64,221.3913043478261,217.34375,46,25.08695652173913,2.347826086956522,0.0,46,64,221.3913043478261,217.34375,46,25.08695652173913,2.347826086956522,0.0,46,64,221.3913043478261,202.53125,46,18.08695652173913,-16.434782608695652,0.0
shape-replay-v2,raw,74,2026-06-28T15:41:51.560,7.286994934082031,0.30706427746731807,0.2170073156647248,47,64,222.08510638297872,216.84375,47,25.46808510638298,1.0,0.0,47,64,222.08510638297872,216.84375,47,25.46808510638298,1.0,0.0,47,64,222.08510638297872,202.046875,47,19.085106382978722,-17.382978723404257,0.0
shape-replay-v2,raw,75,2026-06-28T15:41:51.649,7.375999450683594,0.3070810156685124,0.21702405386591916,46,64,221.17391304347825,217.25,46,25.152173913043477,3.760869565217391,0.0,46,64,221.17391304347825,217.25,46,25.152173913043477,3.760869565217391,0.0,46,64,221.17391304347825,202.46875,46,17.152173913043477,-14.891304347826088,0.0
shape-replay-v2,raw,76,2026-06-28T15:41:51.750,7.476997375488281,0.3070790466173482,0.21702208481475493,45,64,221.62222222222223,217.25,45,24.733333333333334,3.7111111111111112,0.0,45,64,221.62222222222223,217.25,45,24.733333333333334,3.7111111111111112,0.0,45,64,221.62222222222223,202.46875,45,17.177777777777777,-15.355555555555556,0.0
shape-replay-v2,raw,77,2026-06-28T15:41:51.884,7.611000061035156,0.3070443832291877,0.21698742142659444,47,64,222.38297872340425,217.734375,47,25.893617021276597,1.6382978723404256,0.0,47,64,222.38297872340425,217.734375,47,25.893617021276597,1.6382978723404256,0.0,47,64,222.38297872340425,202.9375,47,18.72340425531915,-16.72340425531915,0.0
shape-replay-v2,raw,78,2026-06-28T15:41:51.929,7.655998229980469,0.3071111041034039,0.21705414230081066,46,63,222.2173913043478,218.65079365079364,45,25.4,3.2666666666666666,0.0,46,63,222.2173913043478,218.65079365079364,45,25.4,3.2666666666666666,0.0,46,63,222.2173913043478,203.63492063492063,45,18.644444444444446,-15.88888888888889,0.0
shape-replay-v2,raw,79,2026-06-28T15:41:52.026,7.752998352050781,0.3070707680908654,0.21701380628827216,47,64,222.0212765957447,216.015625,47,23.340425531914892,1.7234042553191489,0.0,47,64,222.0212765957447,216.015625,47,23.340425531914892,1.7234042553191489,0.0,47,64,222.0212765957447,201.25,47,17.595744680851062,-16.53191489361702,0.0
shape-replay-v2,raw,80,2026-06-28T15:41:52.154,7.8809967041015625,0.30707647064773247,0.2170195088451392,47,64,222.10638297872342,216.296875,47,25.02127659574468,0.46808510638297873,0.0,47,64,222.10638297872342,216.296875,47,25.02127659574468,0.46808510638297873,0.0,47,64,222.10638297872342,201.609375,47,18.425531914893618,-17.74468085106383,0.0
shape-replay-v2,raw,81,2026-06-28T15:41:52.250,7.976997375488281,0.30705204901180727,0.216995087209214,48,62,222.72916666666666,218.2258064516129,46,23.434782608695652,1.9565217391304348,0.0,48,62,222.72916666666666,218.2258064516129,46,23.434782608695652,1.9565217391304348,0.0,48,62,222.72916666666666,203.30645161290323,46,17.23913043478261,-16.456521739130434,0.0
shape-replay-v2,raw,82,2026-06-28T15:41:52.346,8.072998046875,0.3091146977603967,0.21905773595780342,46,63,223.5,220.3015873015873,46,25.847826086956523,4.239130434782608,0.05555555555555555,46,63,223.5,220.3015873015873,46,25.847826086956523,4.239130434782608,0.05555555555555555,46,63,223.5,205.23809523809524,46,17.02173913043478,-14.630434782608695,0.05555555555555555
shape-replay-v2,raw,83,2026-06-28T15:41:52.443,8.169998168945312,0.31558176590005105,0.2255248040974578,48,64,228.75,226.9375,48,23.708333333333332,5.75,0.0,48,64,228.75,226.9375,48,23.708333333333332,5.75,0.0,48,64,228.75,211.59375,48,15.104166666666666,-13.395833333333334,0.0
shape-replay-v2,raw,84,2026-06-28T15:41:52.537,8.263999938964844,0.3262340390166798,0.23617707721408654,53,64,239.9433962264151,242.046875,53,22.0,6.7924528301886795,0.0,53,64,239.9433962264151,242.046875,53,22.0,6.7924528301886795,0.0,53,64,239.9433962264151,225.78125,53,13.566037735849056,-11.867924528301886,0.0
shape-replay-v2,raw,85,2026-06-28T15:41:52.634,8.361000061035156,0.333762876620141,0.24370591481754772,54,64,247.42592592592592,255.109375,54,19.40740740740741,13.0,0.0,54,64,247.42592592592592,255.109375,54,19.40740740740741,13.0,0.0,54,64,247.42592592592592,237.9375,54,8.833333333333334,-6.685185185185185,0.0
shape-replay-v2,raw,86,2026-06-28T15:41:52.730,8.457000732421875,0.337030787041097,0.24697382523850375,53,62,251.11320754716982,259.8709677419355,52,19.423076923076923,13.961538461538462,0.08333333333333333,53,62,251.11320754716982,259.8709677419355,52,19.423076923076923,13.961538461538462,0.08333333333333333,53,62,251.11320754716982,242.16129032258064,52,9.365384615384615,-6.519230769230769,0.08333333333333333
shape-replay-v2,raw,87,2026-06-28T15:41:52.821,8.547996520996094,0.337017776195688,0.24696081439309475,54,62,251.37037037037038,259.8709677419355,53,19.547169811320753,13.132075471698114,0.09090909090909091,54,62,251.37037037037038,259.8709677419355,53,19.547169811320753,13.132075471698114,0.09090909090909091,54,62,251.37037037037038,242.16129032258064,53,9.735849056603774,-6.981132075471698,0.09090909090909091
shape-replay-v2,raw,88,2026-06-28T15:41:52.938,8.665000915527344,0.3370143380787796,0.24695737627618636,54,64,251.09259259259258,258.03125,54,20.22222222222222,12.037037037037036,0.0,54,64,251.09259259259258,258.03125,54,20.22222222222222,12.037037037037036,0.0,54,64,251.09259259259258,240.71875,54,9.75925925925926,-7.796296296296297,0.0
shape-replay-v2,raw,89,2026-06-28T15:41:53.022,8.749000549316406,0.3369944956733396,0.24693753387074635,53,64,251.18867924528303,256.796875,53,19.849056603773583,11.320754716981131,0.0,53,64,251.18867924528303,256.796875,53,19.849056603773583,11.320754716981131,0.0,53,64,251.18867924528303,239.609375,53,11.056603773584905,-8.716981132075471,0.0
shape-replay-v2,raw,90,2026-06-28T15:41:53.125,8.851997375488281,0.3370357405595312,0.24697877875693797,53,64,250.88679245283018,256.796875,53,20.18867924528302,11.622641509433961,0.0,53,64,250.88679245283018,256.796875,53,20.18867924528302,11.622641509433961,0.0,53,64,250.88679245283018,239.609375,53,11.056603773584905,-8.415094339622641,0.0
shape-replay-v2,raw,91,2026-06-28T15:41:53.221,8.947998046875,0.3370735950617071,0.24701663325911383,54,64,251.24074074074073,257.921875,54,20.11111111111111,12.11111111111111,0.0,54,64,251.24074074074073,257.921875,54,20.11111111111111,12.11111111111111,0.0,54,64,251.24074074074073,240.484375,54,10.481481481481481,-7.888888888888889,0.0
shape-replay-v2,raw,92,2026-06-28T15:41:53.315,9.041999816894531,0.337087383652022,0.24703042184942875,55,63,251.9090909090909,258.031746031746,54,19.12962962962963,11.24074074074074,0.0,55,63,251.9090909090909,258.031746031746,54,19.12962962962963,11.24074074074074,0.0,55,63,251.9090909090909,240.66666666666666,54,10.87037037037037,-8.351851851851851,0.0
shape-replay-v2,raw,93,2026-06-28T15:41:53.412,9.138999938964844,0.33709425874113486,0.2470372969385416,54,63,251.7962962962963,258.85714285714283,54,20.074074074074073,11.703703703703704,0.1,54,63,251.7962962962963,258.85714285714283,54,20.074074074074073,11.703703703703704,0.1,54,63,251.7962962962963,241.22222222222223,54,9.87037037037037,-8.24074074074074,0.1
shape-replay-v2,raw,94,2026-06-28T15:41:53.509,9.236000061035156,0.3371026959268532,0.24704573412425995,53,62,250.67924528301887,260.5806451612903,53,20.90566037735849,13.245283018867925,0.18181818181818182,53,62,250.67924528301887,260.5806451612903,53,20.90566037735849,13.245283018867925,0.18181818181818182,53,62,250.67924528301887,242.6290322580645,53,10.320754716981131,-7.113207547169812,0.18181818181818182
shape-replay-v2,raw,95,2026-06-28T15:41:53.609,9.33599853515625,0.3370712858580177,0.24701432405542445,54,63,251.62962962962962,258.87301587301585,54,20.88888888888889,11.74074074074074,0.1,54,63,251.62962962962962,258.87301587301585,54,20.88888888888889,11.74074074074074,0.1,54,63,251.62962962962962,241.34920634920636,54,9.518518518518519,-8.11111111111111,0.1
shape-replay-v2,raw,96,2026-06-28T15:41:53.701,9.427993774414062,0.337087383652022,0.24703042184942875,55,63,251.8,258.7142857142857,54,20.64814814814815,11.907407407407407,0.0,55,63,251.8,258.7142857142857,54,20.64814814814815,11.907407407407407,0.0,55,63,251.8,241.23809523809524,54,10.62962962962963,-7.814814814814815,0.0
shape-replay-v2,raw,97,2026-06-28T15:41:53.803,9.529998779296875,0.337097299782457,0.24704033797986374,53,64,251.71698113207546,258.328125,53,19.433962264150942,12.037735849056604,0.0,53,64,251.71698113207546,258.328125,53,19.433962264150942,12.037735849056604,0.0,53,64,251.71698113207546,241.09375,53,9.962264150943396,-8.075471698113208,0.0
shape-replay-v2,raw,98,2026-06-28T15:41:53.910,9.637001037597656,0.33709390821004404,0.24703694640745077,54,64,251.9814814814815,257.6875,54,19.685185185185187,11.314814814814815,0.0,54,64,251.9814814814815,257.6875,54,19.685185185185187,11.314814814814815,0.0,54,64,251.9814814814815,240.34375,54,11.203703703703704,-8.574074074074074,0.0
shape-replay-v2,raw,99,2026-06-28T15:41:53.994,9.721000671386719,0.3370808549715794,0.24702389316898615,53,64,251.52830188679246,258.140625,53,20.09433962264151,12.358490566037736,0.0,53,64,251.52830188679246,258.140625,53,20.09433962264151,12.358490566037736,0.0,53,64,251.52830188679246,240.796875,53,9.88679245283019,-7.886792452830188,0.0
shape-replay-v2,raw,100,2026-06-28T15:41:54.092,9.819000244140625,0.3371160552011776,0.24705909339858434,54,64,252.0,257.75,54,19.48148148148148,10.962962962962964,0.0,54,64,252.0,257.75,54,19.48148148148148,10.962962962962964,0.0,54,64,252.0,240.375,54,10.777777777777779,-8.925925925925926,0.0
shape-replay-v2,raw,101,2026-06-28T15:41:54.191,9.917999267578125,0.33711605436908676,0.2470590925664935,54,63,251.14814814814815,258.3333333333333,54,19.0,11.222222222222221,0.1,54,63,251.14814814814815,258.3333333333333,54,19.0,11.222222222222221,0.1,54,63,251.14814814814815,240.88888888888889,54,10.148148148148149,-8.518518518518519,0.1
shape-replay-v2,raw,102,2026-06-28T15:41:54.290,10.016998291015625,0.3370966983733773,0.24703973657078404,53,63,251.22641509433961,258.3333333333333,53,19.056603773584907,11.471698113207546,0.09090909090909091,53,63,251.22641509433961,258.3333333333333,53,19.056603773584907,11.471698113207546,0.09090909090909091,53,63,251.22641509433961,240.88888888888889,53,9.773584905660377,-8.641509433962264,0.09090909090909091
shape-replay-v2,raw,103,2026-06-28T15:41:54.388,10.114997863769531,0.34031848653028646,0.2502615247276932,54,64,254.59259259259258,261.296875,54,20.75925925925926,12.425925925925926,0.0,54,64,254.59259259259258,261.296875,54,20.75925925925926,12.425925925925926,0.0,54,64,254.59259259259258,243.796875,54,10.148148148148149,-7.777777777777778,0.0
shape-replay-v2,raw,104,2026-06-28T15:41:54.486,10.212997436523438,0.34779443004706107,0.2577374682444678,58,64,262.91379310344826,267.953125,58,21.689655172413794,9.89655172413793,0.0,58,64,262.91379310344826,267.953125,58,21.689655172413794,9.89655172413793,0.0,58,64,262.91379310344826,249.90625,58,11.137931034482758,-9.689655172413794,0.0
shape-replay-v2,raw,105,2026-06-28T15:41:54.619,10.346000671386719,0.36172636849089457,0.2716694066883013,57,62,273.1929824561403,283.56451612903226,55,23.29090909090909,15.981818181818182,0.0,57,62,273.1929824561403,283.56451612903226,55,23.29090909090909,15.981818181818182,0.0,57,62,273.1929824561403,264.241935483871,55,8.963636363636363,-5.509090909090909,0.0
shape-replay-v2,raw,106,2026-06-28T15:41:54.714,10.440994262695312,0.3665254031454297,0.27646844134283644,59,64,278.4406779661017,287.765625,59,23.52542372881356,14.135593220338983,0.0,59,64,278.4406779661017,287.765625,59,23.52542372881356,14.135593220338983,0.0,59,64,278.4406779661017,268.359375,59,9.983050847457626,-6.661016949152542,0.0
shape-replay-v2,raw,107,2026-06-28T15:41:54.815,10.541999816894531,0.3669748911679669,0.2769179293653736,59,61,279.52542372881356,292.7049180327869,58,23.275862068965516,14.448275862068966,0.3333333333333333,59,61,279.52542372881356,292.7049180327869,58,23.275862068965516,14.448275862068966,0.3333333333333333,59,61,279.52542372881356,272.57377049180326,58,10.0,-6.620689655172414,0.3333333333333333
shape-replay-v2,raw,108,2026-06-28T15:41:54.914,10.640998840332031,0.3670334125473722,0.27697645074477895,60,64,279.9166666666667,289.0625,60,23.833333333333332,12.866666666666667,0.0,60,64,279.9166666666667,289.0625,60,23.833333333333332,12.866666666666667,0.0,60,64,279.9166666666667,269.671875,60,10.35,-7.616666666666666,0.0
shape-replay-v2,raw,109,2026-06-28T15:41:55.003,10.729995727539062,0.36700408724513456,0.2769471254425413,59,64,279.2881355932203,289.609375,59,24.677966101694917,14.474576271186441,0.0,59,64,279.2881355932203,289.609375,59,24.677966101694917,14.474576271186441,0.0,59,64,279.2881355932203,270.03125,59,9.542372881355933,-6.52542372881356,0.0
shape-replay-v2,raw,110,2026-06-28T15:41:55.104,10.83099365234375,0.3670127144772997,0.27695575267470646,59,64,279.20338983050846,288.703125,59,23.949152542372882,14.016949152542374,0.0,59,64,279.20338983050846,288.703125,59,23.949152542372882,14.016949152542374,0.0,59,64,279.20338983050846,269.234375,59,9.661016949152541,-6.88135593220339,0.0
shape-replay-v2,raw,111,2026-06-28T15:41:55.199,10.925994873046875,0.3670701794941022,0.27701321769150894,61,63,279.9672131147541,291.2857142857143,61,25.016393442622952,13.442622950819672,0.3333333333333333,61,63,279.9672131147541,291.2857142857143,61,25.016393442622952,13.442622950819672,0.3333333333333333,61,63,279.9672131147541,271.58730158730157,61,11.147540983606557,-6.786885245901639,0.3333333333333333
shape-replay-v2,raw,112,2026-06-28T15:41:55.290,11.016998291015625,0.36706473673311957,0.2770077749305263,58,62,279.9310344827586,291.80645161290323,58,23.448275862068964,14.482758620689655,0.3333333333333333,58,62,279.9310344827586,291.80645161290323,58,23.448275862068964,14.482758620689655,0.3333333333333333,58,62,279.9310344827586,271.7903225806452,58,10.379310344827585,-6.758620689655173,0.3333333333333333
shape-replay-v2,raw,113,2026-06-28T15:41:55.379,11.105995178222656,0.3671095969032634,0.27705263510067013,58,63,279.67241379310343,289.57142857142856,57,23.36842105263158,14.31578947368421,0.0,58,63,279.67241379310343,289.57142857142856,57,23.36842105263158,14.31578947368421,0.0,58,63,279.67241379310343,270.015873015873,57,9.982456140350877,-7.105263157894737,0.0
shape-replay-v2,raw,114,2026-06-28T15:41:55.475,11.201995849609375,0.36709854748344434,0.2770415856808511,60,64,279.45,289.203125,60,23.85,12.95,0.0,60,64,279.45,289.203125,60,23.85,12.95,0.0,60,64,279.45,269.75,60,11.716666666666667,-7.65,0.0
shape-replay-v2,raw,115,2026-06-28T15:41:55.574,11.300994873046875,0.36708549390831985,0.2770285321057266,59,64,280.10169491525426,288.796875,59,23.16949152542373,13.508474576271187,0.0,59,64,280.10169491525426,288.796875,59,23.16949152542373,13.508474576271187,0.0,59,64,280.10169491525426,269.390625,59,10.508474576271187,-7.288135593220339,0.0
shape-replay-v2,raw,116,2026-06-28T15:41:55.667,11.393997192382812,0.3670612139857545,0.2770042521831612,59,64,280.6101694915254,288.96875,59,24.1864406779661,12.59322033898305,0.0,59,64,280.6101694915254,288.96875,59,24.1864406779661,12.59322033898305,0.0,59,64,280.6101694915254,269.546875,59,12.05084745762712,-8.288135593220339,0.0
shape-replay-v2,raw,117,2026-06-28T15:41:55.767,11.493995666503906,0.36710733444228255,0.2770503726396893,59,63,279.79661016949154,290.06349206349205,58,23.724137931034484,14.689655172413794,0.0,59,63,279.79661016949154,290.06349206349205,58,23.724137931034484,14.689655172413794,0.0,59,63,279.79661016949154,270.44444444444446,58,9.879310344827585,-6.396551724137931,0.0
shape-replay-v2,raw,118,2026-06-28T15:41:55.865,11.591995239257812,0.3671038086467584,0.27704684684416514,60,63,280.51666666666665,289.7936507936508,60,23.3,11.933333333333334,0.25,60,63,280.51666666666665,289.7936507936508,60,23.3,11.933333333333334,0.25,60,63,280.51666666666665,270.2063492063492,60,11.416666666666666,-8.516666666666667,0.25
shape-replay-v2,raw,119,2026-06-28T15:41:55.961,11.687995910644531,0.3670957597257337,0.27703879792314046,61,63,280.0163934426229,289.3174603174603,61,22.934426229508198,11.032786885245901,0.3333333333333333,61,63,280.0163934426229,289.3174603174603,61,22.934426229508198,11.032786885245901,0.3333333333333333,61,63,280.0163934426229,269.74603174603175,61,11.098360655737705,-9.098360655737705,0.3333333333333333
shape-replay-v2,raw,120,2026-06-28T15:41:56.063,11.790000915527344,0.3671164698561665,0.27705950805357327,58,64,279.98275862068965,289.265625,58,23.413793103448278,14.620689655172415,0.0,58,64,279.98275862068965,289.265625,58,23.413793103448278,14.620689655172415,0.0,58,64,279.98275862068965,269.890625,58,9.448275862068966,-6.517241379310345,0.0
shape-replay-v2,raw,121,2026-06-28T15:41:56.160,11.887001037597656,0.36705860492087206,0.2770016431182788,59,63,279.8135593220339,290.1746031746032,59,24.10169491525424,14.0,0.2,59,63,279.8135593220339,290.1746031746032,59,24.10169491525424,14.0,0.2,59,63,279.8135593220339,270.46031746031747,59,11.338983050847459,-6.864406779661017,0.2
shape-replay-v2,raw,122,2026-06-28T15:41:56.258,11.985000610351562,0.36708397234396406,0.2770270105413708,59,64,280.135593220339,288.75,59,22.559322033898304,12.661016949152541,0.0,59,64,280.135593220339,288.75,59,22.559322033898304,12.661016949152541,0.0,59,64,280.135593220339,269.359375,59,10.067796610169491,-8.169491525423728,0.0
shape-replay-v2,raw,123,2026-06-28T15:41:56.359,12.08599853515625,0.36806722067101594,0.2780102588684227,61,63,281.0983606557377,291.57142857142856,60,24.95,13.683333333333334,0.0,61,63,281.0983606557377,291.57142857142856,60,24.95,13.683333333333334,0.0,61,63,281.0983606557377,271.73015873015873,60,11.383333333333333,-7.016666666666667,0.0
shape-replay-v2,raw,124,2026-06-28T15:41:56.454,12.180999755859375,0.37344579987202875,0.2833888380694355,60,63,286.65,298.031746031746,59,22.89830508474576,12.288135593220339,0.0,60,63,286.65,298.031746031746,59,22.89830508474576,12.288135593220339,0.0,60,63,286.65,277.984126984127,59,11.305084745762711,-8.932203389830509,0.0
shape-replay-v2,raw,125,2026-06-28T15:41:56.551,12.277999877929688,0.38335118320765293,0.2932942214050597,61,63,296.91803278688525,308.95238095238096,60,27.466666666666665,12.966666666666667,0.0,61,63,296.91803278688525,308.95238095238096,60,27.466666666666665,12.966666666666667,0.0,61,63,296.91803278688525,287.984126984127,60,12.3,-8.933333333333334,0.0
shape-replay-v2,raw,126,2026-06-28T15:41:56.651,12.377998352050781,0.3927559641196975,0.3026990023171042,63,64,304.93650793650795,317.703125,63,26.41269841269841,12.984126984126984,0.0,63,64,304.93650793650795,317.703125,63,26.41269841269841,12.984126984126984,0.0,63,64,304.93650793650795,296.5,63,12.476190476190476,-8.53968253968254,0.0
shape-replay-v2,raw,127,2026-06-28T15:41:56.749,12.475997924804688,0.3967674057966647,0.30671044399407144,62,64,308.5483870967742,322.390625,62,25.451612903225808,14.580645161290322,0.0,62,64,308.5483870967742,322.390625,62,25.451612903225808,14.580645161290322,0.0,62,64,308.5483870967742,300.859375,62,11.258064516129032,-7.612903225806452,0.0
shape-replay-v2,raw,128,2026-06-28T15:41:56.848,12.574996948242188,0.3970214377968681,0.30696447599427484,63,63,308.3968253968254,324.77777777777777,62,25.467741935483872,16.822580645161292,0.0,63,63,308.3968253968254,324.77777777777777,62,25.467741935483872,16.822580645161292,0.0,63,63,308.3968253968254,302.9047619047619,62,10.225806451612904,-5.387096774193548,0.0
shape-replay-v2,raw,129,2026-06-28T15:41:56.946,12.672996520996094,0.39704980625988,0.30699284445728675,63,63,308.92063492063494,324.85714285714283,62,26.35483870967742,16.387096774193548,0.0,63,63,308.92063492063494,324.85714285714283,62,26.35483870967742,16.387096774193548,0.0,63,63,308.92063492063494,302.92063492063494,62,10.919354838709678,-5.887096774193548,0.0
shape-replay-v2,raw,130,2026-06-28T15:41:57.044,12.77099609375,0.3971050068711213,0.30704804506852806,63,63,308.8095238095238,325.6666666666667,62,25.725806451612904,17.177419354838708,0.0,63,63,308.8095238095238,325.6666666666667,62,25.725806451612904,17.177419354838708,0.0,63,63,308.8095238095238,303.6666666666667,62,9.838709677419354,-5.161290322580645,0.0
shape-replay-v2,raw,131,2026-06-28T15:41:57.142,12.868995666503906,0.39715634061516725,0.307099378812574,63,64,309.25396825396825,323.296875,63,25.476190476190474,14.396825396825397,0.0,63,64,309.25396825396825,323.296875,63,25.476190476190474,14.396825396825397,0.0,63,64,309.25396825396825,301.859375,63,11.301587301587302,-7.365079365079365,0.0
shape-replay-v2,raw,132,2026-06-28T15:41:57.241,12.967994689941406,0.39714811319389287,0.3070911513912996,62,64,308.30645161290323,325.265625,62,27.274193548387096,17.822580645161292,0.0,62,64,308.30645161290323,325.265625,62,27.274193548387096,17.822580645161292,0.0,62,64,308.30645161290323,303.5625,62,9.96774193548387,-4.548387096774194,0.0
shape-replay-v2,raw,133,2026-06-28T15:41:57.380,13.10699462890625,0.39715263587807875,0.3070956740754855,61,64,308.5081967213115,323.9375,61,26.081967213114755,16.770491803278688,0.0,61,64,308.5081967213115,323.9375,61,26.081967213114755,16.770491803278688,0.0,61,64,308.5081967213115,302.296875,61,11.885245901639344,-5.885245901639344,0.0
shape-replay-v2,raw,134,2026-06-28T15:41:57.471,13.197998046875,0.39711451476011206,0.3070575529575188,62,64,308.6290322580645,322.953125,62,25.919354838709676,15.241935483870968,0.0,62,64,308.6290322580645,322.953125,62,25.919354838709676,15.241935483870968,0.0,62,64,308.6290322580645,301.390625,62,11.161290322580646,-7.0,0.0
shape-replay-v2,raw,135,2026-06-28T15:41:57.569,13.295997619628906,0.39713409102102853,0.3070771292184353,64,63,309.125,326.3333333333333,63,24.952380952380953,17.26984126984127,0.0,64,63,309.125,326.3333333333333,63,24.952380952380953,17.26984126984127,0.0,64,63,309.125,304.3492063492063,63,9.571428571428571,-4.714285714285714,0.0
shape-replay-v2,raw,136,2026-06-28T15:41:57.652,13.378997802734375,0.397139892092,0.30708293028940675,63,63,309.14285714285717,325.1904761904762,62,26.629032258064516,16.306451612903224,0.0,63,63,309.14285714285717,325.1904761904762,62,26.629032258064516,16.306451612903224,0.0,63,63,309.14285714285717,303.1904761904762,62,10.870967741935484,-6.032258064516129,0.0
shape-replay-v2,raw,137,2026-06-28T15:41:57.741,13.467994689941406,0.3971552097044959,0.30709824790190265,63,64,308.5079365079365,324.75,63,27.444444444444443,16.650793650793652,0.0,63,64,308.5079365079365,324.75,63,27.444444444444443,16.650793650793652,0.0,63,64,308.5079365079365,303.03125,63,10.34920634920635,-5.396825396825397,0.0
shape-replay-v2,raw,138,2026-06-28T15:41:57.850,13.576995849609375,0.3971353692254136,0.30707840742282033,61,63,308.8196721311475,325.0,60,26.6,17.333333333333332,0.0,61,63,308.8196721311475,325.0,60,26.6,17.333333333333332,0.0,61,63,308.8196721311475,303.031746031746,60,10.083333333333334,-5.683333333333334,0.0
shape-replay-v2,raw,139,2026-06-28T15:41:57.950,13.676994323730469,0.3971651258722184,0.30710816406962516,63,64,308.41269841269843,323.484375,63,26.174603174603174,15.507936507936508,0.0,63,64,308.41269841269843,323.484375,63,26.174603174603174,15.507936507936508,0.0,63,64,308.41269841269843,301.828125,63,10.444444444444445,-6.476190476190476,0.0
shape-replay-v2,raw,140,2026-06-28T15:41:58.040,13.766998291015625,0.3971516632760766,0.30709470147348333,62,63,308.1290322580645,324.8095238095238,61,24.770491803278688,17.327868852459016,0.0,62,63,308.1290322580645,324.8095238095238,61,24.770491803278688,17.327868852459016,0.0,62,63,308.1290322580645,302.95238095238096,61,9.508196721311476,-5.245901639344262,0.0
shape-replay-v2,raw,141,2026-06-28T15:41:58.136,13.862998962402344,0.39712612231138006,0.3070691605087868,63,64,309.07936507936506,322.3125,63,24.126984126984127,13.555555555555555,0.0,63,64,309.07936507936506,322.3125,63,24.126984126984127,13.555555555555555,0.0,63,64,309.07936507936506,300.875,63,11.603174603174603,-8.206349206349206,0.0
shape-replay-v2,raw,142,2026-06-28T15:41:58.232,13.958999633789062,0.39713419309074494,0.3070772312881517,63,63,308.57142857142856,326.2063492063492,62,26.596774193548388,17.951612903225808,0.0,63,63,308.57142857142856,326.2063492063492,62,26.596774193548388,17.951612903225808,0.0,63,63,308.57142857142856,304.1746031746032,62,10.096774193548388,-4.419354838709677,0.0
shape-replay-v2,raw,143,2026-06-28T15:41:58.328,14.055000305175781,0.397236348229956,0.30717938642736276,62,63,308.03225806451616,327.7936507936508,61,28.016393442622952,20.57377049180328,0.0,62,63,308.03225806451616,327.7936507936508,61,28.016393442622952,20.57377049180328,0.0,62,63,308.03225806451616,305.6031746031746,61,9.39344262295082,-2.3114754098360657,0.0
shape-replay-v2,raw,144,2026-06-28T15:41:58.430,14.156997680664062,0.4005018348644604,0.31044487306186713,62,64,311.38709677419354,328.921875,62,25.016129032258064,18.274193548387096,0.0,62,64,311.38709677419354,328.921875,62,25.016129032258064,18.274193548387096,0.0,62,64,311.38709677419354,307.015625,62,9.85483870967742,-4.306451612903226,0.0
shape-replay-v2,raw,145,2026-06-28T15:41:58.525,14.251998901367188,0.40867614088165,0.31861917907905674,63,64,319.8095238095238,336.296875,63,27.158730158730158,16.77777777777778,0.0,63,64,319.8095238095238,336.296875,63,27.158730158730158,16.77777777777778,0.0,63,64,319.8095238095238,313.984375,63,11.174603174603174,-5.873015873015873,0.0
shape-replay-v2,raw,146,2026-06-28T15:41:58.622,14.3489990234375,0.4193363345182049,0.32927937271561164,61,64,330.1803278688525,348.671875,61,26.147540983606557,19.65573770491803,0.0,61,64,330.1803278688525,348.671875,61,26.147540983606557,19.65573770491803,0.0,61,64,330.1803278688525,325.4375,61,8.704918032786885,-4.672131147540983,0.0
shape-replay-v2,raw,147,2026-06-28T15:41:58.716,14.443000793457031,0.4255143219213662,0.3354573601187729,61,64,336.42622950819674,355.328125,61,27.557377049180328,20.18032786885246,0.0,61,64,336.42622950819674,355.328125,61,27.557377049180328,20.18032786885246,0.0,61,64,336.42622950819674,331.625,61,10.081967213114755,-4.639344262295082,0.0
shape-replay-v2,raw,148,2026-06-28T15:41:58.815,14.541999816894531,0.42721722190346495,0.3371602601008717,62,64,337.3225806451613,357.015625,62,27.419354838709676,20.774193548387096,0.0,62,64,337.3225806451613,357.015625,62,27.419354838709676,20.774193548387096,0.0,62,64,337.3225806451613,333.203125,62,8.612903225806452,-3.774193548387097,0.0
shape-replay-v2,raw,149,2026-06-28T15:41:58.913,14.639999389648438,0.4271806107677742,0.33712364896518093,63,62,336.85714285714283,358.16129032258067,62,28.35483870967742,21.225806451612904,0.5,63,62,336.85714285714283,358.16129032258067,62,28.35483870967742,21.225806451612904,0.5,63,62,336.85714285714283,333.69354838709677,62,9.919354838709678,-3.2419354838709675,0.5
shape-replay-v2,raw,150,2026-06-28T15:41:59.023,14.75,0.4271028325075098,0.33704587070491654,64,64,338.1875,356.515625,64,28.640625,18.328125,1.0,64,64,338.1875,356.515625,64,28.640625,18.328125,1.0,64,64,338.1875,332.71875,64,10.84375,-5.46875,1.0
shape-replay-v2,raw,151,2026-06-28T15:41:59.110,14.836997985839844,0.42710097173819134,0.3370440099355981,62,64,337.35483870967744,357.203125,62,28.338709677419356,20.822580645161292,0.0,62,64,337.35483870967744,357.203125,62,28.338709677419356,20.822580645161292,0.0,62,64,337.35483870967744,333.40625,62,10.129032258064516,-3.7096774193548385,0.0
shape-replay-v2,raw,152,2026-06-28T15:41:59.209,14.935997009277344,0.42707175602130054,0.3370147942187073,63,64,337.4920634920635,356.09375,63,28.476190476190474,19.142857142857142,0.0,63,64,337.4920634920635,356.09375,63,28.476190476190474,19.142857142857142,0.0,63,64,337.4920634920635,332.375,63,11.444444444444445,-4.936507936507937,0.0
shape-replay-v2,raw,153,2026-06-28T15:41:59.307,15.03399658203125,0.4270719486524455,0.33701498684985226,62,64,337.0483870967742,358.078125,62,29.774193548387096,22.06451612903226,0.0,62,64,337.0483870967742,358.078125,62,29.774193548387096,22.06451612903226,0.0,62,64,337.0483870967742,334.25,62,11.016129032258064,-2.5,0.0
shape-replay-v2,raw,154,2026-06-28T15:41:59.405,15.131996154785156,0.4270508362264809,0.3369938744238876,62,64,337.6774193548387,356.640625,62,27.483870967741936,19.774193548387096,0.0,62,64,337.6774193548387,356.640625,62,27.483870967741936,19.774193548387096,0.0,62,64,337.6774193548387,332.875,62,9.080645161290322,-4.725806451612903,0.0
shape-replay-v2,raw,155,2026-06-28T15:41:59.541,15.267997741699219,0.42707081876111175,0.3370138569585185,63,63,337.5238095238095,357.63492063492066,62,28.774193548387096,20.419354838709676,0.0,63,63,337.5238095238095,357.63492063492066,62,28.774193548387096,20.419354838709676,0.0,63,63,337.5238095238095,333.6031746031746,62,10.693548387096774,-3.9838709677419355,0.0
shape-replay-v2,raw,156,2026-06-28T15:41:59.642,15.368995666503906,0.4270754862725552,0.33701852446996194,61,64,336.8360655737705,356.09375,61,28.475409836065573,20.508196721311474,0.0,61,64,336.8360655737705,356.09375,61,28.475409836065573,20.508196721311474,0.0,61,64,336.8360655737705,332.4375,61,10.163934426229508,-4.262295081967213,0.0
shape-replay-v2,raw,157,2026-06-28T15:41:59.747,15.4739990234375,0.42705809419430096,0.3370011323917077,63,64,336.984126984127,356.09375,63,27.746031746031747,19.49206349206349,0.0,63,64,336.984126984127,356.09375,63,27.746031746031747,19.49206349206349,0.0,63,64,336.984126984127,332.4375,63,10.142857142857142,-4.523809523809524,0.0
shape-replay-v2,raw,158,2026-06-28T15:41:59.835,15.561996459960938,0.42710568952759204,0.3370487277249988,62,64,336.8709677419355,357.765625,62,29.241935483870968,21.79032258064516,0.0,62,64,336.8709677419355,357.765625,62,29.241935483870968,21.79032258064516,0.0,62,64,336.8709677419355,334.015625,62,10.790322580645162,-2.693548387096774,0.0
shape-replay-v2,raw,159,2026-06-28T15:41:59.931,15.657997131347656,0.4270608981434323,0.337003936340839,62,64,337.0967741935484,356.125,62,26.43548387096774,19.85483870967742,0.0,62,64,337.0967741935484,356.125,62,26.43548387096774,19.85483870967742,0.0,62,64,337.0967741935484,332.359375,62,9.96774193548387,-4.645161290322581,0.0
shape-replay-v2,raw,160,2026-06-28T15:42:00.069,15.795997619628906,0.4270650214017054,0.3370080595991121,62,64,336.64516129032256,358.640625,62,29.467741935483872,23.112903225806452,0.0,62,64,336.64516129032256,358.640625,62,29.467741935483872,23.112903225806452,0.0,62,64,336.64516129032256,334.796875,62,10.112903225806452,-1.467741935483871,0.0
shape-replay-v2,raw,161,2026-06-28T15:42:00.100,15.826995849609375,0.4270765219062168,0.33701956010362355,62,64,337.6290322580645,356.390625,62,27.758064516129032,19.725806451612904,0.0,62,64,337.6290322580645,356.390625,62,27.758064516129032,19.725806451612904,0.0,62,64,337.6290322580645,332.578125,62,10.209677419354838,-4.82258064516129,0.0
shape-replay-v2,raw,162,2026-06-28T15:42:00.192,15.918998718261719,0.4270685564639334,0.3370115946613401,62,63,337.1774193548387,356.41269841269843,61,27.278688524590162,20.131147540983605,0.0,62,63,337.1774193548387,356.41269841269843,61,27.278688524590162,20.131147540983605,0.0,62,63,337.1774193548387,332.3492063492063,61,9.868852459016393,-4.688524590163935,0.0
shape-replay-v2,raw,163,2026-06-28T15:42:00.290,16.016998291015625,0.4270569618025933,0.337,62,64,336.93548387096774,357.5,62,28.596774193548388,21.5,0.0,62,64,336.93548387096774,357.5,62,28.596774193548388,21.5,0.0,62,64,336.93548387096774,333.78125,62,9.85483870967742,-2.9516129032258065,0.0
shape-replay-v2,raw,164,2026-06-28T15:42:00.390,16.11699676513672,0.4279603118946934,0.33790335009210015,62,64,338.19354838709677,357.859375,62,27.677419354838708,20.35483870967742,0.0,62,64,338.19354838709677,357.859375,62,27.677419354838708,20.35483870967742,0.0,62,64,338.19354838709677,334.046875,62,9.064516129032258,-4.193548387096774,0.0
shape-replay-v2,raw,165,2026-06-28T15:42:00.487,16.21399688720703,0.43328778046807426,0.343230818665481,63,63,343.9047619047619,365.7142857142857,62,29.016129032258064,22.241935483870968,0.0,63,63,343.9047619047619,365.7142857142857,62,29.016129032258064,22.241935483870968,0.0,63,63,343.9047619047619,341.1587301587302,62,9.887096774193548,-2.693548387096774,0.0
shape-replay-v2,raw,166,2026-06-28T15:42:00.585,16.311996459960938,0.4442439181331639,0.3541869563305706,64,63,355.796875,376.1587301587302,63,26.22222222222222,20.349206349206348,0.0,64,63,355.796875,376.1587301587302,63,26.22222222222222,20.349206349206348,0.0,64,63,355.796875,350.85714285714283,63,9.619047619047619,-4.9523809523809526,0.0
shape-replay-v2,raw,167,2026-06-28T15:42:00.683,16.409996032714844,0.45287998633482657,0.3628230245322333,64,63,363.046875,386.14285714285717,63,28.03174603174603,23.11111111111111,0.0,64,63,363.046875,386.14285714285717,63,28.03174603174603,23.11111111111111,0.0,64,63,363.046875,360.25396825396825,63,9.476190476190476,-2.7777777777777777,0.0
shape-replay-v2,raw,168,2026-06-28T15:42:00.783,16.509994506835938,0.45687725060053347,0.3668202887979402,64,63,367.53125,391.22222222222223,63,29.3015873015873,23.936507936507937,0.0,64,63,367.53125,391.22222222222223,63,29.3015873015873,23.936507936507937,0.0,64,63,367.53125,364.8412698412698,63,9.142857142857142,-2.4444444444444446,0.0
shape-replay-v2,raw,169,2026-06-28T15:42:00.923,16.649993896484375,0.45714150972850626,0.367084547925913,64,64,366.90625,390.375,64,28.34375,23.46875,1.0,64,64,366.90625,390.375,64,28.34375,23.46875,1.0,64,64,366.90625,364.53125,64,8.34375,-2.375,1.0
shape-replay-v2,raw,170,2026-06-28T15:42:01.031,16.75799560546875,0.457116815570507,0.3670598537679137,64,63,367.546875,391.55555555555554,63,28.22222222222222,24.22222222222222,0.0,64,63,367.546875,391.55555555555554,63,28.22222222222222,24.22222222222222,0.0,64,63,367.546875,365.2063492063492,63,8.412698412698413,-2.126984126984127,0.0
shape-replay-v2,raw,171,2026-06-28T15:42:01.129,16.855995178222656,0.45713865532899484,0.3670816935264016,64,64,366.65625,390.125,64,29.53125,23.46875,1.0,64,64,366.65625,390.125,64,29.53125,23.46875,1.0,64,64,366.65625,364.21875,64,9.9375,-2.4375,1.0
shape-replay-v2,raw,172,2026-06-28T15:42:01.220,16.946998596191406,0.4571427450569821,0.36708578325438884,62,63,366.80645161290323,392.06349206349205,61,28.75409836065574,26.459016393442624,0.0,62,63,366.80645161290323,392.06349206349205,61,28.75409836065574,26.459016393442624,0.0,62,63,366.80645161290323,365.74603174603175,61,7.540983606557377,-0.6885245901639344,0.0
shape-replay-v2,raw,173,2026-06-28T15:42:01.302,17.02899932861328,0.4571145531122629,0.36705759130966964,63,64,365.95238095238096,391.109375,63,29.03174603174603,25.666666666666668,0.0,63,64,365.95238095238096,391.109375,63,29.03174603174603,25.666666666666668,0.0,63,64,365.95238095238096,365.21875,63,8.968253968253968,-0.6190476190476191,0.0
shape-replay-v2,raw,174,2026-06-28T15:42:01.410,17.137001037597656,0.457142817111021,0.36708585530842774,62,64,366.43548387096774,391.109375,62,28.887096774193548,25.951612903225808,0.0,62,64,366.43548387096774,391.109375,62,28.887096774193548,25.951612903225808,0.0,62,64,366.43548387096774,365.21875,62,8.919354838709678,-0.7258064516129032,0.0
shape-replay-v2,raw,175,2026-06-28T15:42:01.504,17.230995178222656,0.4571186840709622,0.3670617222683689,64,64,367.734375,390.046875,64,28.25,22.3125,1.0,64,64,367.734375,390.046875,64,28.25,22.3125,1.0,64,64,367.734375,364.15625,64,9.453125,-3.578125,1.0
shape-replay-v2,raw,176,2026-06-28T15:42:01.594,17.320999145507812,0.45711756763529043,0.3670606058326972,64,63,367.296875,391.95238095238096,63,27.952380952380953,24.61904761904762,0.0,64,63,367.296875,391.95238095238096,63,27.952380952380953,24.61904761904762,0.0,64,63,367.296875,365.73015873015873,63,9.34920634920635,-1.6031746031746033,0.0
shape-replay-v2,raw,177,2026-06-28T15:42:01.685,17.41199493408203,0.45716109291927426,0.367104131116681,62,63,366.6774193548387,391.1746031746032,61,28.83606557377049,25.65573770491803,0.0,62,63,366.6774193548387,391.1746031746032,61,28.83606557377049,25.65573770491803,0.0,62,63,366.6774193548387,364.968253968254,61,8.59016393442623,-1.3770491803278688,0.0
shape-replay-v2,raw,178,2026-06-28T15:42:01.774,17.500999450683594,0.45713478343072733,0.36707782162813407,64,62,367.078125,394.5,62,29.661290322580644,27.338709677419356,0.0,64,62,367.078125,394.5,62,29.661290322580644,27.338709677419356,0.0,64,62,367.078125,367.7903225806452,62,7.112903225806452,0.6290322580645161,0.0
shape-replay-v2,raw,179,2026-06-28T15:42:01.866,17.592994689941406,0.45712529730627677,0.3670683355036835,64,64,366.6875,390.421875,64,28.734375,23.734375,1.0,64,64,366.6875,390.421875,64,28.734375,23.734375,1.0,64,64,366.6875,364.59375,64,8.375,-2.09375,1.0
shape-replay-v2,raw,180,2026-06-28T15:42:01.969,17.695999145507812,0.4571137102485557,0.3670567484459624,64,64,367.0,390.421875,64,28.546875,23.421875,1.0,64,64,367.0,390.421875,64,28.546875,23.421875,1.0,64,64,367.0,364.59375,64,8.6875,-2.40625,1.0
shape-replay-v2,raw,181,2026-06-28T15:42:02.068,17.794998168945312,0.4571359709655439,0.36707900916295066,64,64,366.65625,392.15625,64,29.625,25.5,1.0,64,64,366.65625,392.15625,64,29.625,25.5,1.0,64,64,366.65625,366.25,64,8.59375,-0.40625,1.0
shape-replay-v2,raw,182,2026-06-28T15:42:02.161,17.88800048828125,0.4571309982351367,0.36707403643254344,64,64,367.4375,392.84375,64,30.28125,25.40625,1.0,64,64,367.4375,392.84375,64,30.28125,25.40625,1.0,64,64,367.4375,366.875,64,9.21875,-0.5625,1.0
shape-replay-v2,raw,183,2026-06-28T15:42:02.260,17.98699951171875,0.45710202229620867,0.3670450604936154,64,63,367.875,390.26984126984127,63,26.19047619047619,22.349206349206348,0.0,64,63,367.875,390.26984126984127,63,26.19047619047619,22.349206349206348,0.0,64,63,367.875,364.14285714285717,63,7.968253968253968,-3.7777777777777777,0.0
shape-replay-v2,raw,184,2026-06-28T15:42:02.357,18.083999633789062,0.45715176933230656,0.3670948075297133,64,63,367.421875,393.23809523809524,63,28.80952380952381,25.793650793650794,0.0,64,63,367.421875,393.23809523809524,63,28.80952380952381,25.793650793650794,0.0,64,63,367.421875,366.7936507936508,63,8.174603174603174,-0.6507936507936508,0.0
shape-replay-v2,raw,185,2026-06-28T15:42:02.454,18.180999755859375,0.46014909325345565,0.3700921314508624,63,63,370.6507936507937,395.23809523809524,63,29.50793650793651,24.58730158730159,1.0,63,63,370.6507936507937,395.23809523809524,63,29.50793650793651,24.58730158730159,1.0,63,63,370.6507936507937,368.6507936507937,63,8.476190476190476,-2.0,1.0
shape-replay-v2,raw,186,2026-06-28T15:42:02.553,18.279998779296875,0.46861907701331307,0.3785621152107198,63,64,379.04761904761904,403.8125,63,32.44444444444444,25.206349206349206,0.0,63,64,379.04761904761904,403.8125,63,32.44444444444444,25.206349206349206,0.0,63,64,379.04761904761904,377.078125,63,11.619047619047619,-1.9365079365079365,0.0
shape-replay-v2,raw,187,2026-06-28T15:42:02.651,18.37799835205078,0.4793445809232427,0.38928761912064946,64,63,389.578125,414.1746031746032,63,30.428571428571427,24.841269841269842,0.0,64,63,389.578125,414.1746031746032,63,30.428571428571427,24.841269841269842,0.0,64,63,389.578125,386.26984126984127,63,9.34920634920635,-3.0634920634920637,0.0
shape-replay-v2,raw,188,2026-06-28T15:42:02.750,18.47699737548828,0.48545384770927424,0.395396885906681,64,63,395.625,414.1746031746032,63,27.238095238095237,18.666666666666668,0.0,64,63,395.625,414.1746031746032,63,27.238095238095237,18.666666666666668,0.0,64,63,395.625,386.26984126984127,63,12.0,-9.238095238095237,0.0
shape-replay-v2,raw,189,2026-06-28T15:42:02.848,18.574996948242188,0.4870567439120217,0.39699978210942843,64,63,397.03125,423.87301587301585,63,30.904761904761905,26.746031746031747,0.0,64,63,397.03125,423.87301587301585,63,30.904761904761905,26.746031746031747,0.0,64,63,397.03125,395.53968253968253,63,8.412698412698413,-1.5873015873015872,0.0
shape-replay-v2,raw,190,2026-06-28T15:42:02.947,18.673995971679688,0.4870635576874859,0.3970065958848926,64,63,396.140625,424.25396825396825,63,31.38095238095238,28.047619047619047,0.0,64,63,396.140625,424.25396825396825,63,31.38095238095238,28.047619047619047,0.0,64,63,396.140625,395.93650793650795,63,8.46031746031746,-0.2698412698412698,0.0
shape-replay-v2,raw,191,2026-06-28T15:42:03.045,18.771995544433594,0.48704824392470825,0.396991282122115,64,63,396.796875,423.8095238095238,63,32.04761904761905,27.0,0.0,64,63,396.796875,423.8095238095238,63,32.04761904761905,27.0,0.0,64,63,396.796875,395.4761904761905,63,9.174603174603174,-1.3333333333333333,0.0
shape-replay-v2,raw,192,2026-06-28T15:42:03.144,18.870994567871094,0.4870575928488904,0.3970006310462971,64,63,396.546875,422.8095238095238,63,31.015873015873016,26.126984126984127,0.0,64,63,396.546875,422.8095238095238,63,31.015873015873016,26.126984126984127,0.0,64,63,396.546875,394.5238095238095,63,9.904761904761905,-2.1587301587301586,0.0
shape-replay-v2,raw,193,2026-06-28T15:42:03.283,19.009994506835938,0.48708966525257424,0.397032703449981,64,63,396.25,424.06349206349205,63,31.904761904761905,27.77777777777778,0.0,64,63,396.25,424.06349206349205,63,31.904761904761905,27.77777777777778,0.0,64,63,396.25,395.6190476190476,63,9.015873015873016,-0.6666666666666666,0.0
shape-replay-v2,raw,194,2026-06-28T15:42:03.384,19.111000061035156,0.487085096368836,0.39702813456624275,64,63,397.6875,423.984126984127,63,30.428571428571427,26.26984126984127,0.0,64,63,397.6875,423.984126984127,63,30.428571428571427,26.26984126984127,0.0,64,63,397.6875,395.53968253968253,63,8.047619047619047,-2.1746031746031744,0.0
shape-replay-v2,raw,195,2026-06-28T15:42:03.461,19.18799591064453,0.4870445328398942,0.3969875710373009,64,64,396.625,421.390625,64,31.421875,24.765625,1.0,64,64,396.625,421.390625,64,31.421875,24.765625,1.0,64,64,396.625,393.421875,64,10.953125,-3.203125,1.0
shape-replay-v2,raw,196,2026-06-28T15:42:03.553,19.279998779296875,0.48703658305017355,0.3969796212475803,64,64,397.15625,421.578125,64,30.953125,24.421875,1.0,64,64,397.15625,421.578125,64,30.953125,24.421875,1.0,64,64,397.15625,393.515625,64,9.640625,-3.640625,1.0
shape-replay-v2,raw,197,2026-06-28T15:42:03.661,19.38800048828125,0.4870526980268042,0.3969957362242109,64,63,396.359375,423.984126984127,63,31.825396825396826,27.603174603174605,0.0,64,63,396.359375,423.984126984127,63,31.825396825396826,27.603174603174605,0.0,64,63,396.359375,395.5238095238095,63,8.857142857142858,-0.8571428571428571,0.0
shape-replay-v2,raw,198,2026-06-28T15:42:03.742,19.468994140625,0.48706440160492365,0.3970074398023304,64,63,396.8125,422.7142857142857,63,29.3015873015873,25.80952380952381,0.0,64,63,396.8125,422.7142857142857,63,29.3015873015873,25.80952380952381,0.0,64,63,396.8125,394.3968253968254,63,8.0,-2.507936507936508,0.0
shape-replay-v2,raw,199,2026-06-28T15:42:03.837,19.563995361328125,0.4870507234666446,0.3969937616640513,64,64,397.234375,422.4375,64,31.015625,25.203125,1.0,64,64,397.234375,422.4375,64,31.015625,25.203125,1.0,64,64,397.234375,394.421875,64,9.84375,-2.8125,1.0
shape-replay-v2,raw,200,2026-06-28T15:42:03.948,19.67499542236328,0.4870380175261456,0.39698105572355236,64,64,397.46875,421.296875,64,30.953125,23.828125,1.0,64,64,397.46875,421.296875,64,30.953125,23.828125,1.0,64,64,397.46875,393.3125,64,10.59375,-4.15625,1.0
shape-replay-v2,raw,201,2026-06-28T15:42:04.044,19.77099609375,0.4870586560238526,0.39700169422125936,64,63,396.515625,422.06349206349205,63,30.253968253968253,25.523809523809526,0.0,64,63,396.515625,422.06349206349205,63,30.253968253968253,25.523809523809526,0.0,64,63,396.515625,393.6825396825397,63,9.365079365079366,-2.857142857142857,0.0
shape-replay-v2,raw,202,2026-06-28T15:42:04.143,19.8699951171875,0.48704424166106847,0.3969872798584752,64,64,396.515625,421.421875,64,31.125,24.90625,1.0,64,64,396.515625,421.421875,64,31.125,24.90625,1.0,64,64,396.515625,393.484375,64,10.5,-3.03125,1.0
shape-replay-v2,raw,203,2026-06-28T15:42:04.251,19.977996826171875,0.48706866718130015,0.3970117053787069,64,63,396.96875,424.7142857142857,63,31.714285714285715,27.61904761904762,0.0,64,63,396.96875,424.7142857142857,63,31.714285714285715,27.61904761904762,0.0,64,63,396.96875,396.2857142857143,63,9.507936507936508,-0.8095238095238095,0.0
shape-replay-v2,raw,204,2026-06-28T15:42:04.339,20.065994262695312,0.48703626562934804,0.3969793038267548,64,64,397.09375,420.640625,64,30.328125,23.546875,1.0,64,64,397.09375,420.640625,64,30.328125,23.546875,1.0,64,64,397.09375,392.703125,64,9.140625,-4.390625,1.0
