frame_index,reference_timestamp,elapsed_s,tcp_z_m,sensor_z_m,real_valid_zones,sim_valid_zones,paired_valid_zones,mae_mm,bias_mm,no_return_iou
0,2026-06-28T15:41:44.273,0.0,0.18828359760845356,0.0982266358058603,60,64,60,14.583333333333334,0.95,0.0
1,2026-06-28T15:41:44.367,0.093994140625,0.1936923867182756,0.10363542491568234,61,64,61,15.262295081967213,-0.18032786885245902,0.0
2,2026-06-28T15:41:44.466,0.19300079345703125,0.20514108331116687,0.11508412150857361,63,64,63,19.603174603174605,-6.650793650793651,0.0
3,2026-06-28T15:41:44.558,0.28499603271484375,0.2128155618885918,0.12275860008599854,64,64,64,22.71875,-11.5625,1.0
4,2026-06-28T15:41:44.651,0.37799835205078125,0.2168430276810665,0.12678606587847324,64,64,64,22.71875,-12.0,1.0
5,2026-06-28T15:41:44.746,0.47299957275390625,0.21705178433052888,0.12699482252793562,63,63,62,16.35483870967742,-12.806451612903226,0.0
6,2026-06-28T15:41:44.859,0.58599853515625,0.2170331156159514,0.12697615381335814,64,64,64,23.3125,-12.78125,1.0
7,2026-06-28T15:41:44.958,0.68499755859375,0.21707571389323227,0.127018752090639,63,64,63,22.238095238095237,-11.634920634920634,0.0
8,2026-06-28T15:41:45.053,0.779998779296875,0.2170624886788156,0.12700552687622235,64,62,62,16.35483870967742,-12.580645161290322,0.0
9,2026-06-28T15:41:45.147,0.8740005493164062,0.21706057243961047,0.1270036106370172,64,63,63,16.396825396825395,-13.476190476190476,0.0
10,2026-06-28T15:41:45.244,0.9710006713867188,0.21707897584788577,0.1270220140452925,64,63,63,23.285714285714285,-12.65079365079365,0.0
11,2026-06-28T15:41:45.340,1.0669937133789062,0.21703760276798728,0.12698064096539402,64,63,63,23.841269841269842,-12.984126984126984,0.0
12,2026-06-28T15:41:45.437,1.1639938354492188,0.21703951900687987,0.1269825572042866,64,64,64,23.765625,-13.390625,1.0
13,2026-06-28T15:41:45.536,1.26300048828125,0.21704917409766783,0.12699221229507457,64,63,63,23.349206349206348,-11.793650793650794,0.0
14,2026-06-28T15:41:45.657,1.3839950561523438,0.2170552632256424,0.12699830142304913,64,64,64,23.46875,-13.40625,1.0
15,2026-06-28T15:41:45.731,1.4580001831054688,0.21704804341610628,0.12699108161351302,64,63,63,16.41269841269841,-13.333333333333334,0.0
16,2026-06-28T15:41:45.832,1.5589981079101562,0.2170682704693691,0.12701130866677585,63,62,62,21.951612903225808,-11.725806451612904,0.5
17,2026-06-28T15:41:45.940,1.6669998168945312,0.21705065278395563,0.12699369098136237,64,64,64,23.046875,-14.046875,1.0
18,2026-06-28T15:41:46.035,1.7620010375976562,0.21706479074025897,0.1270078289376657,64,61,61,16.704918032786885,-14.672131147540984,0.0
19,2026-06-28T15:41:46.131,1.8579940795898438,0.21706461903577462,0.12700765723318136,64,63,63,23.095238095238095,-12.301587301587302,0.0
20,2026-06-28T15:41:46.228,1.9549942016601562,0.21706549175201253,0.12700852994941927,63,63,63,22.253968253968253,-11.492063492063492,1.0
21,2026-06-28T15:41:46.323,2.0499954223632812,0.22011577119600195,0.1300588093934087,64,62,62,17.596774193548388,-15.53225806451613,0.0
22,2026-06-28T15:41:46.421,2.1479949951171875,0.2277141006993777,0.13765713889678444,37,63,36,20.36111111111111,-3.138888888888889,0.0
23,2026-06-28T15:41:46.518,2.2449951171875,0.2384995254583285,0.14844256365573524,17,64,17,17.941176470588236,-8.176470588235293,0.0
24,2026-06-28T15:41:46.616,2.3429946899414062,0.24554148177343396,0.1554845199708407,18,61,18,21.666666666666668,-19.444444444444443,0.06521739130434782
25,2026-06-28T15:41:46.714,2.4409942626953125,0.2470614389477377,0.15700447714514443,19,61,19,21.526315789473685,-19.0,0.06666666666666667
26,2026-06-28T15:41:46.852,2.5789947509765625,0.2470253342602789,0.15696837245768563,18,63,18,22.833333333333332,-20.5,0.021739130434782608
27,2026-06-28T15:41:46.946,2.6729965209960938,0.24700984518340627,0.156952883380813,18,63,18,21.5,-20.166666666666668,0.021739130434782608
28,2026-06-28T15:41:47.039,2.7659988403320312,0.24702959228009685,0.1569726304775036,18,61,18,22.88888888888889,-20.333333333333332,0.06521739130434782
29,2026-06-28T15:41:47.138,2.8649978637695312,0.2470395955806509,0.15698263377805763,19,62,19,20.736842105263158,-20.42105263157895,0.044444444444444446
30,2026-06-28T15:41:47.232,2.9589996337890625,0.24704716447128905,0.1569902026686958,18,63,18,23.055555555555557,-21.944444444444443,0.021739130434782608
31,2026-06-28T15:41:47.331,3.0579986572265625,0.24704294778768626,0.156985985985093,18,64,18,21.555555555555557,-19.666666666666668,0.0
32,2026-06-28T15:41:47.428,3.154998779296875,0.24705821764695818,0.15700125584436492,18,64,18,22.38888888888889,-20.944444444444443,0.0
33,2026-06-28T15:41:47.522,3.2490005493164062,0.24704290622163302,0.15698594441903976,18,64,18,23.11111111111111,-22.11111111111111,0.0
34,2026-06-28T15:41:47.612,3.3389968872070312,0.24703298346841468,0.15697602166582142,18,64,18,22.11111111111111,-20.555555555555557,0.0
35,2026-06-28T15:41:47.756,3.4829940795898438,0.2470529557503664,0.15699599394777314,17,63,17,23.823529411764707,-21.58823529411765,0.02127659574468085
36,2026-06-28T15:41:47.797,3.5239944458007812,0.247067134721344,0.15701017291875075,18,64,18,23.22222222222222,-22.444444444444443,0.0
37,2026-06-28T15:41:47.895,3.6219940185546875,0.24709228134349542,0.15703531954090216,18,64,18,22.77777777777778,-21.22222222222222,0.0
38,2026-06-28T15:41:47.994,3.7210006713867188,0.2470747913628008,0.15701782956020754,18,64,18,22.61111111111111,-21.5,0.0
39,2026-06-28T15:41:48.092,3.819000244140625,0.2470350718792377,0.15697811007664444,18,63,18,22.38888888888889,-20.166666666666668,0.021739130434782608
40,2026-06-28T15:41:48.190,3.9169998168945312,0.24707601033653864,0.15701904853394538,18,64,18,23.166666666666668,-21.38888888888889,0.0
41,2026-06-28T15:41:48.328,4.055000305175781,0.24985051699848365,0.1597935551958904,19,64,19,22.842105263157894,-20.94736842105263,0.0
42,2026-06-28T15:41:48.427,4.153999328613281,0.2569505033565478,0.16689354155395453,20,63,20,25.3,-15.1,0.022727272727272728
43,2026-06-28T15:41:48.522,4.249000549316406,0.26783545906560424,0.17777849726301098,24,62,23,31.347826086956523,-16.043478260869566,0.024390243902439025
44,2026-06-28T15:41:48.619,4.346000671386719,0.2747712448246032,0.18471428302200993,34,63,33,24.21212121212121,-3.8484848484848486,0.0
45,2026-06-28T15:41:48.709,4.435997009277344,0.2770919829490565,0.18703502114646325,33,63,32,26.53125,-3.84375,0.0
46,2026-06-28T15:41:48.811,4.537994384765625,0.27705650067466675,0.1869995388720735,34,62,33,24.03030303030303,-6.393939393939394,0.03225806451612903
47,2026-06-28T15:41:48.908,4.6349945068359375,0.2770136715418616,0.1869567097392683,34,63,33,25.21212121212121,-5.151515151515151,0.0
48,2026-06-28T15:41:48.998,4.724998474121094,0.27702484930249416,0.1869678874999009,33,63,32,24.78125,-4.21875,0.0
49,2026-06-28T15:41:49.098,4.8249969482421875,0.2770613061681081,0.18700434436551483,33,62,31,25.93548387096774,-3.2903225806451615,0.0
50,2026-06-28T15:41:49.190,4.916999816894531,0.2770389901919791,0.18698202838938582,34,60,31,24.258064516129032,-2.5806451612903225,0.030303030303030304
51,2026-06-28T15:41:49.279,5.0059967041015625,0.2770584392241543,0.18700147742156104,33,64,33,27.424242424242426,-5.121212121212121,0.0
52,2026-06-28T15:41:49.380,5.10699462890625,0.27705195826396023,0.18699499646136697,33,63,32,26.03125,-4.84375,0.0
53,2026-06-28T15:41:49.472,5.198997497558594,0.2770407941092731,0.18698383230667986,33,61,31,26.677419354838708,-4.67741935483871,0.030303030303030304
54,2026-06-28T15:41:49.567,5.293998718261719,0.2770600475250762,0.18700308572248292,33,62,32,26.53125,-5.34375,0.03125
55,2026-06-28T15:41:49.668,5.394996643066406,0.27703664347187096,0.1869796816692777,34,63,33,25.545454545454547,-6.212121212121212,0.0
56,2026-06-28T15:41:49.792,5.5189971923828125,0.2770617626394281,0.18700480083683485,34,62,32,24.15625,-3.90625,0.0
57,2026-06-28T15:41:49.862,5.588996887207031,0.27705547754287024,0.18699851574027698,34,62,32,25.78125,-3.84375,0.0
58,2026-06-28T15:41:49.962,5.688995361328125,0.2770697286312116,0.18701276682861834,34,63,33,24.78787878787879,-5.575757575757576,0.0
59,2026-06-28T15:41:50.066,5.792999267578125,0.27704192222422014,0.18698496042162688,33,64,33,27.21212121212121,-6.545454545454546,0.0
60,2026-06-28T15:41:50.162,5.888999938964844,0.2770640693469162,0.18700710754432293,34,64,34,26.529411764705884,-5.823529411764706,0.0
61,2026-06-28T15:41:50.260,5.98699951171875,0.27706713671184663,0.18701017490925337,33,62,32,26.15625,-5.59375,0.03125
62,2026-06-28T15:41:50.355,6.082000732421875,0.28020433251420646,0.1901473707116132,34,62,34,26.294117647058822,-6.117647058823529,0.06666666666666667
63,2026-06-28T15:41:50.452,6.1790008544921875,0.28769272036846183,0.19763575856586857,39,60,38,24.894736842105264,-2.8947368421052633,0.11538461538461539
64,2026-06-28T15:41:50.552,6.278999328613281,0.29928283151284496,0.2092258697102517,43,62,42,24.261904761904763,2.738095238095238,0.045454545454545456
65,2026-06-28T15:41:50.650,6.3769989013671875,0.30540957709102473,0.21535261528843147,48,63,47,24.46808510638298,1.872340425531915,0.0
66,2026-06-28T15:41:50.748,6.474998474121094,0.3069479497023801,0.21689098789978684,46,63,46,25.782608695652176,2.217391304347826,0.05555555555555555
67,2026-06-28T15:41:50.847,6.573997497558594,0.306968962705463,0.21691200090286972,46,63,46,23.67391304347826,3.4130434782608696,0.05555555555555555
68,2026-06-28T15:41:50.945,6.6719970703125,0.30696441492319726,0.216907453120604,47,60,45,25.466666666666665,4.311111111111111,0.10526315789473684
69,2026-06-28T15:41:51.043,6.769996643066406,0.3069975883703405,0.21694062656774726,47,64,47,24.95744680851064,1.2127659574468086,0.0
70,2026-06-28T15:41:51.142,6.868995666503906,0.30702484870652547,0.2169678869039322,47,64,47,24.361702127659573,1.0851063829787233,0.0
71,2026-06-28T15:41:51.239,6.965995788574219,0.30708160387974087,0.2170246420771476,48,64,48,25.6875,1.6041666666666667,0.0
72,2026-06-28T15:41:51.377,7.103996276855469,0.30710542216312725,0.217048460360534,45,63,44,24.522727272727273,5.704545454545454,0.0
73,2026-06-28T15:41:51.465,7.191993713378906,0.30707333498355965,0.2170163731809664,46,64,46,24.67391304347826,1.2391304347826086,0.0
74,2026-06-28T15:41:51.560,7.286994934082031,0.30706427746731807,0.2170073156647248,47,64,47,24.93617021276596,0.3404255319148936,0.0
75,2026-06-28T15:41:51.649,7.375999450683594,0.3070810156685124,0.21702405386591916,46,62,44,22.90909090909091,5.454545454545454,0.0
76,2026-06-28T15:41:51.750,7.476997375488281,0.3070790466173482,0.21702208481475493,45,64,45,25.288888888888888,4.4,0.0
77,2026-06-28T15:41:51.884,7.611000061035156,0.3070443832291877,0.21698742142659444,47,64,47,24.404255319148938,0.6595744680851063,0.0
78,2026-06-28T15:41:51.929,7.655998229980469,0.3071111041034039,0.21705414230081066,46,64,46,25.152173913043477,0.32608695652173914,0.0
79,2026-06-28T15:41:52.026,7.752998352050781,0.3070707680908654,0.21701380628827216,47,64,47,23.382978723404257,1.851063829787234,0.0
80,2026-06-28T15:41:52.154,7.8809967041015625,0.30707647064773247,0.2170195088451392,47,64,47,25.148936170212767,1.4042553191489362,0.0
81,2026-06-28T15:41:52.250,7.976997375488281,0.30705204901180727,0.216995087209214,48,63,48,25.625,0.08333333333333333,0.0625
82,2026-06-28T15:41:52.346,8.072998046875,0.3091146977603967,0.21905773595780342,46,63,45,24.0,3.911111111111111,0.0
83,2026-06-28T15:41:52.443,8.169998168945312,0.31558176590005105,0.2255248040974578,48,63,47,24.04255319148936,6.638297872340425,0.0
84,2026-06-28T15:41:52.537,8.263999938964844,0.3262340390166798,0.23617707721408654,53,64,53,22.433962264150942,7.490566037735849,0.0
85,2026-06-28T15:41:52.634,8.361000061035156,0.333762876620141,0.24370591481754772,54,63,53,18.9811320754717,12.716981132075471,0.0
86,2026-06-28T15:41:52.730,8.457000732421875,0.337030787041097,0.24697382523850375,53,63,53,19.641509433962263,12.547169811320755,0.09090909090909091
87,2026-06-28T15:41:52.821,8.547996520996094,0.337017776195688,0.24696081439309475,54,64,54,19.925925925925927,11.518518518518519,0.0
88,2026-06-28T15:41:52.938,8.665000915527344,0.3370143380787796,0.24695737627618636,54,62,54,20.59259259259259,12.703703703703704,0.2
89,2026-06-28T15:41:53.022,8.749000549316406,0.3369944956733396,0.24693753387074635,53,63,53,20.81132075471698,12.39622641509434,0.09090909090909091
90,2026-06-28T15:41:53.125,8.851997375488281,0.3370357405595312,0.24697877875693797,53,63,52,20.653846153846153,13.576923076923077,0.0
91,2026-06-28T15:41:53.221,8.947998046875,0.3370735950617071,0.24701663325911383,54,64,54,19.77777777777778,12.185185185185185,0.0
92,2026-06-28T15:41:53.315,9.041999816894531,0.337087383652022,0.24703042184942875,55,64,55,20.527272727272727,11.072727272727272,0.0
93,2026-06-28T15:41:53.412,9.138999938964844,0.33709425874113486,0.2470372969385416,54,64,54,20.5,11.833333333333334,0.0
94,2026-06-28T15:41:53.509,9.236000061035156,0.3371026959268532,0.24704573412425995,53,64,53,20.528301886792452,12.415094339622641,0.0
95,2026-06-28T15:41:53.609,9.33599853515625,0.3370712858580177,0.24701432405542445,54,63,54,18.925925925925927,10.703703703703704,0.1
96,2026-06-28T15:41:53.701,9.427993774414062,0.337087383652022,0.24703042184942875,55,64,55,20.945454545454545,11.418181818181818,0.0
97,2026-06-28T15:41:53.803,9.529998779296875,0.337097299782457,0.24704033797986374,53,62,53,20.22641509433962,12.528301886792454,0.18181818181818182
98,2026-06-28T15:41:53.910,9.637001037597656,0.33709390821004404,0.24703694640745077,54,63,54,18.25925925925926,11.037037037037036,0.1
99,2026-06-28T15:41:53.994,9.721000671386719,0.3370808549715794,0.24702389316898615,53,61,52,19.384615384615383,12.653846153846153,0.16666666666666666
100,2026-06-28T15:41:54.092,9.819000244140625,0.3371160552011776,0.24705909339858434,54,64,54,18.555555555555557,11.37037037037037,0.0
101,2026-06-28T15:41:54.191,9.917999267578125,0.33711605436908676,0.2470590925664935,54,63,54,19.555555555555557,12.11111111111111,0.1
102,2026-06-28T15:41:54.290,10.016998291015625,0.3370966983733773,0.24703973657078404,53,62,53,20.849056603773583,13.150943396226415,0.18181818181818182
103,2026-06-28T15:41:54.388,10.114997863769531,0.34031848653028646,0.2502615247276932,54,63,54,20.444444444444443,12.185185185185185,0.1
104,2026-06-28T15:41:54.486,10.212997436523438,0.34779443004706107,0.2577374682444678,58,63,58,17.43103448275862,2.189655172413793,0.16666666666666666
105,2026-06-28T15:41:54.619,10.346000671386719,0.36172636849089457,0.2716694066883013,57,63,56,25.125,15.839285714285714,0.0
106,2026-06-28T15:41:54.714,10.440994262695312,0.3665254031454297,0.27646844134283644,59,63,59,23.016949152542374,15.05084745762712,0.2
107,2026-06-28T15:41:54.815,10.541999816894531,0.3669748911679669,0.2769179293653736,59,63,58,22.70689655172414,14.120689655172415,0.0
108,2026-06-28T15:41:54.914,10.640998840332031,0.3670334125473722,0.27697645074477895,60,64,60,23.35,13.083333333333334,0.0
109,2026-06-28T15:41:55.003,10.729995727539062,0.36700408724513456,0.2769471254425413,59,64,59,23.305084745762713,13.779661016949152,0.0
110,2026-06-28T15:41:55.104,10.83099365234375,0.3670127144772997,0.27695575267470646,59,64,59,24.864406779661017,13.94915254237288,0.0
111,2026-06-28T15:41:55.199,10.925994873046875,0.3670701794941022,0.27701321769150894,61,63,60,23.9,13.633333333333333,0.0
112,2026-06-28T15:41:55.290,11.016998291015625,0.36706473673311957,0.2770077749305263,58,63,58,22.224137931034484,13.844827586206897,0.16666666666666666
113,2026-06-28T15:41:55.379,11.105995178222656,0.3671095969032634,0.27705263510067013,58,63,58,23.310344827586206,12.862068965517242,0.16666666666666666
114,2026-06-28T15:41:55.475,11.201995849609375,0.36709854748344434,0.2770415856808511,60,64,60,24.95,13.15,0.0
115,2026-06-28T15:41:55.574,11.300994873046875,0.36708549390831985,0.2770285321057266,59,63,59,23.389830508474578,13.728813559322035,0.2
116,2026-06-28T15:41:55.667,11.393997192382812,0.3670612139857545,0.2770042521831612,59,64,59,22.45762711864407,12.152542372881356,0.0
117,2026-06-28T15:41:55.767,11.493995666503906,0.36710733444228255,0.2770503726396893,59,63,58,24.46551724137931,15.293103448275861,0.0
118,2026-06-28T15:41:55.865,11.591995239257812,0.3671038086467584,0.27704684684416514,60,63,59,22.440677966101696,12.677966101694915,0.0
119,2026-06-28T15:41:55.961,11.687995910644531,0.3670957597257337,0.27703879792314046,61,63,60,25.883333333333333,13.816666666666666,0.0
120,2026-06-28T15:41:56.063,11.790000915527344,0.3671164698561665,0.27705950805357327,58,63,58,22.775862068965516,13.741379310344827,0.16666666666666666
121,2026-06-28T15:41:56.160,11.887001037597656,0.36705860492087206,0.2770016431182788,59,63,59,23.016949152542374,12.983050847457626,0.2
122,2026-06-28T15:41:56.258,11.985000610351562,0.36708397234396406,0.2770270105413708,59,64,59,23.10169491525424,12.661016949152541,0.0
123,2026-06-28T15:41:56.359,12.08599853515625,0.36806722067101594,0.2780102588684227,61,63,60,24.866666666666667,12.566666666666666,0.0
124,2026-06-28T15:41:56.454,12.180999755859375,0.37344579987202875,0.2833888380694355,60,64,60,25.116666666666667,12.083333333333334,0.0
125,2026-06-28T15:41:56.551,12.277999877929688,0.38335118320765293,0.2932942214050597,61,64,61,25.131147540983605,9.950819672131148,0.0
126,2026-06-28T15:41:56.651,12.377998352050781,0.3927559641196975,0.3026990023171042,63,64,63,25.841269841269842,12.825396825396826,0.0
127,2026-06-28T15:41:56.749,12.475997924804688,0.3967674057966647,0.30671044399407144,62,64,62,27.741935483870968,17.129032258064516,0.0
128,2026-06-28T15:41:56.848,12.574996948242188,0.3970214377968681,0.30696447599427484,63,64,63,26.841269841269842,15.857142857142858,0.0
129,2026-06-28T15:41:56.946,12.672996520996094,0.39704980625988,0.30699284445728675,63,64,63,26.095238095238095,14.285714285714286,0.0
130,2026-06-28T15:41:57.044,12.77099609375,0.3971050068711213,0.30704804506852806,63,64,63,27.11111111111111,16.285714285714285,0.0
131,2026-06-28T15:41:57.142,12.868995666503906,0.39715634061516725,0.307099378812574,63,63,62,25.161290322580644,17.419354838709676,0.0
132,2026-06-28T15:41:57.241,12.967994689941406,0.39714811319389287,0.3070911513912996,62,63,61,26.40983606557377,17.42622950819672,0.0
133,2026-06-28T15:41:57.380,13.10699462890625,0.39715263587807875,0.3070956740754855,61,64,61,27.360655737704917,17.42622950819672,0.0
134,2026-06-28T15:41:57.471,13.197998046875,0.39711451476011206,0.3070575529575188,62,63,61,27.262295081967213,17.0327868852459,0.0
135,2026-06-28T15:41:57.569,13.295997619628906,0.39713409102102853,0.3070771292184353,64,64,64,25.984375,14.328125,1.0
136,2026-06-28T15:41:57.652,13.378997802734375,0.397139892092,0.30708293028940675,63,63,62,24.758064516129032,16.048387096774192,0.0
137,2026-06-28T15:41:57.741,13.467994689941406,0.3971552097044959,0.30709824790190265,63,64,63,24.253968253968253,14.222222222222221,0.0
138,2026-06-28T15:41:57.850,13.576995849609375,0.3971353692254136,0.30707840742282033,61,63,60,25.783333333333335,18.783333333333335,0.0
139,2026-06-28T15:41:57.950,13.676994323730469,0.3971651258722184,0.30710816406962516,63,63,62,26.20967741935484,18.241935483870968,0.0
140,2026-06-28T15:41:58.040,13.766998291015625,0.3971516632760766,0.30709470147348333,62,63,61,27.098360655737704,20.37704918032787,0.0
141,2026-06-28T15:41:58.136,13.862998962402344,0.39712612231138006,0.3070691605087868,63,64,63,25.253968253968253,15.412698412698413,0.0
142,2026-06-28T15:41:58.232,13.958999633789062,0.39713419309074494,0.3070772312881517,63,63,62,25.677419354838708,16.741935483870968,0.0
143,2026-06-28T15:41:58.328,14.055000305175781,0.397236348229956,0.30717938642736276,62,63,61,25.75409836065574,18.081967213114755,0.0
144,2026-06-28T15:41:58.430,14.156997680664062,0.4005018348644604,0.31044487306186713,62,64,62,25.774193548387096,18.096774193548388,0.0
145,2026-06-28T15:41:58.525,14.251998901367188,0.40867614088165,0.31861917907905674,63,64,63,26.92063492063492,17.3015873015873,0.0
146,2026-06-28T15:41:58.622,14.3489990234375,0.4193363345182049,0.32927937271561164,61,64,61,27.065573770491802,20.081967213114755,0.0
147,2026-06-28T15:41:58.716,14.443000793457031,0.4255143219213662,0.3354573601187729,61,64,61,27.885245901639344,20.016393442622952,0.0
148,2026-06-28T15:41:58.815,14.541999816894531,0.42721722190346495,0.3371602601008717,62,64,62,28.419354838709676,21.032258064516128,0.0
149,2026-06-28T15:41:58.913,14.639999389648438,0.4271806107677742,0.33712364896518093,63,64,63,28.857142857142858,19.873015873015873,0.0
150,2026-06-28T15:41:59.023,14.75,0.4271028325075098,0.33704587070491654,64,63,63,29.11111111111111,21.07936507936508,0.0
151,2026-06-28T15:41:59.110,14.836997985839844,0.42710097173819134,0.3370440099355981,62,64,62,29.483870967741936,21.774193548387096,0.0
152,2026-06-28T15:41:59.209,14.935997009277344,0.42707175602130054,0.3370147942187073,63,63,62,27.741935483870968,20.0,0.0
153,2026-06-28T15:41:59.307,15.03399658203125,0.4270719486524455,0.33701498684985226,62,64,62,28.258064516129032,20.419354838709676,0.0
154,2026-06-28T15:41:59.405,15.131996154785156,0.4270508362264809,0.3369938744238876,62,64,62,28.129032258064516,20.483870967741936,0.0
155,2026-06-28T15:41:59.541,15.267997741699219,0.42707081876111175,0.3370138569585185,63,63,62,28.774193548387096,20.419354838709676,0.0
156,2026-06-28T15:41:59.642,15.368995666503906,0.4270754862725552,0.33701852446996194,61,64,61,27.852459016393443,20.475409836065573,0.0
157,2026-06-28T15:41:59.747,15.4739990234375,0.42705809419430096,0.3370011323917077,63,64,63,29.49206349206349,22.03174603174603,0.0
158,2026-06-28T15:41:59.835,15.561996459960938,0.42710568952759204,0.3370487277249988,62,64,62,28.580645161290324,21.06451612903226,0.0
159,2026-06-28T15:41:59.931,15.657997131347656,0.4270608981434323,0.337003936340839,62,63,61,26.688524590163933,20.065573770491802,0.0
160,2026-06-28T15:42:00.069,15.795997619628906,0.4270650214017054,0.3370080595991121,62,64,62,28.612903225806452,21.806451612903224,0.0
161,2026-06-28T15:42:00.100,15.826995849609375,0.4270765219062168,0.33701956010362355,62,64,62,27.274193548387096,19.983870967741936,0.0
162,2026-06-28T15:42:00.192,15.918998718261719,0.4270685564639334,0.3370115946613401,62,63,61,29.37704918032787,22.721311475409838,0.0
163,2026-06-28T15:42:00.290,16.016998291015625,0.4270569618025933,0.337,62,63,61,26.950819672131146,20.721311475409838,0.0
164,2026-06-28T15:42:00.390,16.11699676513672,0.4279603118946934,0.33790335009210015,62,64,62,27.322580645161292,20.387096774193548,0.0
165,2026-06-28T15:42:00.487,16.21399688720703,0.43328778046807426,0.343230818665481,63,64,63,28.19047619047619,20.063492063492063,0.0
166,2026-06-28T15:42:00.585,16.311996459960938,0.4442439181331639,0.3541869563305706,64,64,64,27.125,20.0,1.0
167,2026-06-28T15:42:00.683,16.409996032714844,0.45287998633482657,0.3628230245322333,64,63,63,28.46031746031746,23.22222222222222,0.0
168,2026-06-28T15:42:00.783,16.509994506835938,0.45687725060053347,0.3668202887979402,64,64,64,29.453125,22.328125,1.0
169,2026-06-28T15:42:00.923,16.649993896484375,0.45714150972850626,0.367084547925913,64,63,63,28.88888888888889,25.07936507936508,0.0
170,2026-06-28T15:42:01.031,16.75799560546875,0.457116815570507,0.3670598537679137,64,64,64,28.21875,23.5625,1.0
171,2026-06-28T15:42:01.129,16.855995178222656,0.45713865532899484,0.3670816935264016,64,64,64,27.828125,23.390625,1.0
172,2026-06-28T15:42:01.220,16.946998596191406,0.4571427450569821,0.36708578325438884,62,63,61,28.19672131147541,26.229508196721312,0.0
173,2026-06-28T15:42:01.302,17.02899932861328,0.4571145531122629,0.36705759130966964,63,63,62,28.612903225806452,26.483870967741936,0.0
174,2026-06-28T15:42:01.410,17.137001037597656,0.457142817111021,0.36708585530842774,62,63,61,28.37704918032787,25.78688524590164,0.0
175,2026-06-28T15:42:01.504,17.230995178222656,0.4571186840709622,0.3670617222683689,64,62,62,30.096774193548388,26.806451612903224,0.0
176,2026-06-28T15:42:01.594,17.320999145507812,0.45711756763529043,0.3670606058326972,64,64,64,27.84375,23.09375,1.0
177,2026-06-28T15:42:01.685,17.41199493408203,0.45716109291927426,0.367104131116681,62,64,62,30.870967741935484,26.677419354838708,0.0
178,2026-06-28T15:42:01.774,17.500999450683594,0.45713478343072733,0.36707782162813407,64,64,64,30.109375,25.765625,1.0
179,2026-06-28T15:42:01.866,17.592994689941406,0.45712529730627677,0.3670683355036835,64,63,63,27.333333333333332,23.523809523809526,0.0
180,2026-06-28T15:42:01.969,17.695999145507812,0.4571137102485557,0.3670567484459624,64,63,63,29.825396825396826,26.142857142857142,0.0
181,2026-06-28T15:42:02.068,17.794998168945312,0.4571359709655439,0.36707900916295066,64,62,62,28.741935483870968,26.93548387096774,0.0
182,2026-06-28T15:42:02.161,17.88800048828125,0.4571309982351367,0.36707403643254344,64,64,64,30.53125,24.9375,1.0
183,2026-06-28T15:42:02.260,17.98699951171875,0.45710202229620867,0.3670450604936154,64,63,63,28.174603174603174,23.50793650793651,0.0
184,2026-06-28T15:42:02.357,18.083999633789062,0.45715176933230656,0.3670948075297133,64,64,64,28.3125,23.875,1.0
185,2026-06-28T15:42:02.454,18.180999755859375,0.46014909325345565,0.3700921314508624,63,64,63,29.03174603174603,24.206349206349206,0.0
186,2026-06-28T15:42:02.553,18.279998779296875,0.46861907701331307,0.3785621152107198,63,64,63,30.523809523809526,24.11111111111111,0.0
187,2026-06-28T15:42:02.651,18.37799835205078,0.4793445809232427,0.38928761912064946,64,64,64,30.40625,23.28125,1.0
188,2026-06-28T15:42:02.750,18.47699737548828,0.48545384770927424,0.395396885906681,64,63,63,31.476190476190474,26.523809523809526,0.0
189,2026-06-28T15:42:02.848,18.574996948242188,0.4870567439120217,0.39699978210942843,64,63,63,30.952380952380953,26.825396825396826,0.0
190,2026-06-28T15:42:02.947,18.673995971679688,0.4870635576874859,0.3970065958848926,64,64,64,31.78125,25.28125,1.0
191,2026-06-28T15:42:03.045,18.771995544433594,0.48704824392470825,0.396991282122115,64,64,64,31.9375,24.8125,1.0
192,2026-06-28T15:42:03.144,18.870994567871094,0.4870575928488904,0.3970006310462971,64,63,63,31.333333333333332,27.3015873015873,0.0
193,2026-06-28T15:42:03.283,19.009994506835938,0.48708966525257424,0.397032703449981,64,63,63,30.142857142857142,26.428571428571427,0.0
194,2026-06-28T15:42:03.384,19.111000061035156,0.487085096368836,0.39702813456624275,64,64,64,30.1875,24.78125,1.0
195,2026-06-28T15:42:03.461,19.18799591064453,0.4870445328398942,0.3969875710373009,64,64,64,31.296875,24.671875,1.0
196,2026-06-28T15:42:03.553,19.279998779296875,0.48703658305017355,0.3969796212475803,64,63,63,30.41269841269841,24.825396825396826,0.0
197,2026-06-28T15:42:03.661,19.38800048828125,0.4870526980268042,0.3969957362242109,64,64,64,31.0625,25.0625,1.0
198,2026-06-28T15:42:03.742,19.468994140625,0.48706440160492365,0.3970074398023304,64,63,63,31.841269841269842,27.80952380952381,0.0
199,2026-06-28T15:42:03.837,19.563995361328125,0.4870507234666446,0.3969937616640513,64,64,64,30.671875,23.421875,1.0
200,2026-06-28T15:42:03.948,19.67499542236328,0.4870380175261456,0.39698105572355236,64,63,63,31.841269841269842,26.857142857142858,0.0
201,2026-06-28T15:42:04.044,19.77099609375,0.4870586560238526,0.39700169422125936,64,63,63,30.365079365079364,26.365079365079364,0.0
202,2026-06-28T15:42:04.143,19.8699951171875,0.48704424166106847,0.3969872798584752,64,64,64,31.21875,24.03125,1.0
203,2026-06-28T15:42:04.251,19.977996826171875,0.48706866718130015,0.3970117053787069,64,63,63,31.238095238095237,26.50793650793651,0.0
204,2026-06-28T15:42:04.339,20.065994262695312,0.48703626562934804,0.3969793038267548,64,64,64,32.09375,25.71875,1.0
